date,open,close,high,low,volume,middle_band,std,upper_band,lower_band,signal,position,prev_close,limit_up,limit_down,portfolio,cash,trade_executed,returns,max_drawdown
2023-01-03,11.18,11.66,11.73,11.05,219412794.0,,,,,0,0.0,,,,100000.0,100000.0,0,0.0,0.0
2023-01-04,11.61,12.13,12.21,11.54,218968253.0,,,,,0,0.0,11.66,12.826,10.494,100000.0,100000.0,0,0.0,0.0
2023-01-05,12.19,12.26,12.48,12.17,166542518.0,,,,,0,0.0,12.13,13.343000000000002,10.917000000000002,100000.0,100000.0,0,0.0,0.0
2023-01-06,12.28,12.38,12.46,12.26,119574471.0,,,,,0,0.0,12.26,13.486,11.034,100000.0,100000.0,0,0.0,0.0
2023-01-09,12.49,12.53,12.6,12.3,105765911.0,,,,,0,0.0,12.38,13.618000000000002,11.142000000000001,100000.0,100000.0,0,0.0,0.0
2023-01-10,12.5,12.23,12.61,12.19,126942339.0,,,,,0,0.0,12.53,13.783000000000001,11.277,100000.0,100000.0,0,0.0,0.0
2023-01-11,12.24,12.42,12.52,12.19,83056612.0,,,,,0,0.0,12.23,13.453000000000001,11.007000000000001,100000.0,100000.0,0,0.0,0.0
2023-01-12,12.51,12.42,12.51,12.3,62569484.0,,,,,0,0.0,12.42,13.662,11.178,100000.0,100000.0,0,0.0,0.0
2023-01-13,12.42,12.66,12.66,12.32,94908583.0,,,,,0,0.0,12.42,13.662,11.178,100000.0,100000.0,0,0.0,0.0
2023-01-16,12.66,12.77,12.94,12.57,156003989.0,,,,,0,0.0,12.66,13.926000000000002,11.394,100000.0,100000.0,0,0.0,0.0
2023-01-17,12.81,12.68,12.85,12.51,93583454.0,,,,,0,0.0,12.77,14.047,11.493,100000.0,100000.0,0,0.0,0.0
2023-01-18,12.66,12.79,12.85,12.63,71843403.0,,,,,0,0.0,12.68,13.948,11.412,100000.0,100000.0,0,0.0,0.0
2023-01-19,12.81,12.78,12.91,12.59,64187520.0,,,,,0,0.0,12.79,14.069,11.511,100000.0,100000.0,0,0.0,0.0
2023-01-20,12.84,12.81,12.9,12.7,60859008.0,,,,,0,0.0,12.78,14.058,11.501999999999999,100000.0,100000.0,0,0.0,0.0
2023-01-30,13.21,12.83,13.33,12.61,137431750.0,,,,,0,0.0,12.81,14.091000000000001,11.529,100000.0,100000.0,0,0.0,0.0
2023-01-31,12.9,12.69,13.13,12.67,103049784.0,,,,,0,0.0,12.83,14.113000000000001,11.547,100000.0,100000.0,0,0.0,0.0
2023-02-01,12.73,12.45,12.77,12.29,165342148.0,,,,,0,0.0,12.69,13.959000000000001,11.421,100000.0,100000.0,0,0.0,0.0
2023-02-02,12.48,12.36,12.52,12.08,157790039.0,,,,,0,0.0,12.45,13.695,11.205,100000.0,100000.0,0,0.0,0.0
2023-02-03,12.24,12.13,12.32,11.99,124638298.0,,,,,0,0.0,12.36,13.596,11.124,100000.0,100000.0,0,0.0,0.0
2023-02-06,11.94,11.85,11.96,11.74,131761010.0,12.4415,0.328365569706114,13.098231139412228,11.784768860587771,0,0.0,12.13,13.343000000000002,10.917000000000002,100000.0,100000.0,0,0.0,0.0
2023-02-07,11.91,12.03,12.13,11.88,86946046.0,12.459999999999999,0.29022677158967997,13.040453543179359,11.87954645682064,0,0.0,11.85,13.035,10.665,100000.0,100000.0,0,0.0,0.0
2023-02-08,12.06,11.89,12.13,11.88,65789257.0,12.448,0.308947278759065,13.065894557518131,11.83010544248187,0,0.0,12.03,13.233,10.827,100000.0,100000.0,0,0.0,0.0
2023-02-09,11.86,11.96,12.11,11.82,83035002.0,12.433,0.325400158509326,13.083800317018651,11.782199682981348,0,0.0,11.89,13.079000000000002,10.701,100000.0,100000.0,0,0.0,0.0
2023-02-10,11.94,11.84,11.96,11.74,84728366.0,12.406,0.35139421557111866,13.108788431142237,11.703211568857764,0,0.0,11.96,13.156000000000002,10.764000000000001,100000.0,100000.0,0,0.0,0.0
2023-02-13,11.8,11.7,11.8,11.52,180005416.0,12.3645,0.3835221121738817,13.131544224347763,11.597455775652236,0,0.0,11.84,13.024000000000001,10.656,100000.0,100000.0,0,0.0,0.0
2023-02-14,11.73,11.82,11.84,11.69,90993709.0,12.344,0.40162040208189226,13.147240804163784,11.540759195836214,0,0.0,11.7,12.870000000000001,10.53,100000.0,100000.0,0,0.0,0.0
2023-02-15,11.81,11.58,11.82,11.53,125024398.0,12.302,0.43572806584889723,13.173456131697794,11.430543868302205,0,0.0,11.82,13.002,10.638,100000.0,100000.0,0,0.0,0.0
2023-02-16,11.58,11.52,11.78,11.43,127912329.0,12.257,0.4681666370001178,13.193333274000235,11.320666725999764,0,0.0,11.58,12.738000000000001,10.422,100000.0,100000.0,0,0.0,0.0
2023-02-17,11.54,11.37,11.62,11.37,91836369.0,12.192499999999999,0.49765634940716225,13.187812698814323,11.197187301185675,0,0.0,11.52,12.672,10.368,100000.0,100000.0,0,0.0,0.0
2023-02-20,11.43,11.98,11.98,11.42,211619117.0,12.153,0.48046140104563806,13.113922802091277,11.192077197908723,0,0.0,11.37,12.507,10.232999999999999,100000.0,100000.0,0,0.0,0.0
2023-02-21,11.91,11.94,12.02,11.79,99049499.0,12.116,0.4660178447001233,13.048035689400246,11.183964310599753,0,0.0,11.98,13.178,10.782,100000.0,100000.0,0,0.0,0.0
2023-02-22,11.85,11.87,11.96,11.8,63892239.0,12.069999999999999,0.44070517654275426,12.951410353085507,11.18858964691449,0,0.0,11.94,13.134,10.746,100000.0,100000.0,0,0.0,0.0
2023-02-23,11.85,11.9,12.13,11.84,82449068.0,12.026,0.40886749880486833,12.843734997609737,11.208265002390263,0,0.0,11.87,13.057,10.683,100000.0,100000.0,0,0.0,0.0
2023-02-24,11.87,11.74,11.88,11.69,72998904.0,11.9725,0.3689369508252223,12.710373901650446,11.234626098349555,0,0.0,11.9,13.090000000000002,10.71,100000.0,100000.0,0,0.0,0.0
2023-02-27,11.64,11.59,11.75,11.58,62146193.0,11.9105,0.31791218582297115,12.546324371645943,11.274675628354059,0,0.0,11.74,12.914000000000001,10.566,100000.0,100000.0,0,0.0,0.0
2023-02-28,11.64,11.67,11.73,11.52,60793592.0,11.8595,0.2634283084336487,12.386356616867298,11.332643383132703,0,0.0,11.59,12.749,10.431000000000001,100000.0,100000.0,0,0.0,0.0
2023-03-01,11.69,12.0,12.02,11.63,122345178.0,11.837,0.22704277361905803,12.291085547238115,11.382914452761884,0,0.0,11.67,12.837000000000002,10.503,100000.0,100000.0,0,0.0,0.0
2023-03-02,11.96,12.06,12.23,11.91,101587684.0,11.822,0.19882814584195763,12.219656291683915,11.424343708316083,0,0.0,12.0,13.200000000000001,10.8,100000.0,100000.0,0,0.0,0.0
2023-03-03,12.15,12.1,12.17,11.97,69095439.0,11.8205,0.1964815512968161,12.213463102593632,11.427536897406366,0,0.0,12.06,13.266000000000002,10.854000000000001,100000.0,100000.0,0,0.0,0.0
2023-03-06,12.11,11.73,12.11,11.62,145582414.0,11.8145,0.19736354379939589,12.209227087598792,11.419772912401209,0,0.0,12.1,13.31,10.89,100000.0,100000.0,0,0.0,0.0
2023-03-07,11.73,11.59,11.94,11.56,127926629.0,11.7925,0.19659937891427157,12.185698757828543,11.399301242171457,0,0.0,11.73,12.903000000000002,10.557,100000.0,100000.0,0,0.0,0.0
2023-03-08,11.54,11.46,11.55,11.35,109689791.0,11.770999999999999,0.2085261563802983,12.188052312760595,11.353947687239403,0,0.0,11.59,12.749,10.431000000000001,100000.0,100000.0,0,0.0,0.0
2023-03-09,11.47,11.18,11.5,11.12,173606476.0,11.732,0.24163042680486016,12.21526085360972,11.248739146390278,0,0.0,11.46,12.606000000000002,10.314000000000002,100000.0,100000.0,0,0.0,0.0
2023-03-10,11.01,11.13,11.24,11.01,85699610.0,11.696499999999999,0.2748066305796329,12.246113261159264,11.146886738840733,0,0.0,11.18,12.298,10.062,100000.0,100000.0,0,0.0,0.0
2023-03-13,11.11,11.05,11.25,11.01,100063496.0,11.664,0.3104902744472371,12.284980548894474,11.043019451105526,1,9046.0,11.13,12.243000000000002,10.017000000000001,99960.013681251,1.713681250999798,1,-0.0003998631874899683,0.0003998631874899729
2023-03-14,11.0,10.9,11.01,10.78,114907558.0,11.618,0.3515918686563562,12.321183737312714,10.914816262687287,0,9046.0,11.05,12.155000000000001,9.945,98603.11368125101,1.713681250999798,0,-0.013574427914013976,0.013968863187489914
2023-03-15,11.05,11.05,11.16,10.96,97936372.0,11.5915,0.3738740992704211,12.339248198540842,10.843751801459158,1,9046.0,10.9,11.990000000000002,9.81,99960.013681251,1.713681250999798,0,0.01376122872129959,0.0003998631874899729
2023-03-16,10.91,10.86,11.03,10.84,91679249.0,11.5585,0.4080799070357688,12.374659814071538,10.742340185928462,0,9046.0,11.05,12.155000000000001,9.945,98241.273681251,1.713681250999798,0,-0.0171942753577512,0.017587263187490026
2023-03-17,11.0,10.8,11.04,10.71,155681414.0,11.530000000000001,0.4405498956149257,12.411099791229853,10.648900208770149,0,9046.0,10.86,11.946,9.774,97698.513681251,1.713681250999798,0,-0.005524765504985263,0.02301486318748997
2023-03-20,10.8,10.64,10.88,10.63,118881633.0,11.463,0.4694576938508902,12.401915387701779,10.52408461229822,0,9046.0,10.8,11.880000000000003,9.72,96251.153681251,1.713681250999798,0,-0.014814554955484005,0.03748846318748998
2023-03-21,10.71,10.75,10.82,10.58,84074317.0,11.4035,0.4810873101631421,12.365674620326283,10.441325379673716,0,9046.0,10.64,11.704000000000002,9.576,97246.213681251,1.713681250999798,0,0.010338161797990297,0.027537863187490002
2023-03-22,10.8,10.83,10.91,10.76,87669077.0,11.351500000000001,0.4842060783548647,12.31991215670973,10.383087843290273,0,9046.0,10.75,11.825000000000001,9.675,97969.89368125101,1.713681250999798,0,0.007441729324002777,0.020301063187489927
2023-03-23,10.75,10.92,10.92,10.69,80430604.0,11.3025,0.47528246449100126,12.253064928982003,10.351935071017998,0,9046.0,10.83,11.913,9.747,98784.03368125099,1.713681250999798,0,0.00831010394528775,0.012159663187490078
2023-03-24,10.88,10.86,10.89,10.8,62151875.0,11.258500000000002,0.47337839543346977,12.20525679086694,10.311743209133063,0,9046.0,10.92,12.012,9.828,98241.273681251,1.713681250999798,0,-0.00549441017716823,0.017587263187490026
2023-03-27,10.84,10.67,10.85,10.55,100842214.0,11.2125,0.48404952987109695,12.180599059742194,10.244400940257806,0,9046.0,10.86,11.946,9.774,96522.53368125099,1.713681250999798,0,-0.017495090765786925,0.034774663187490076
2023-03-28,10.72,10.7,10.78,10.63,67386843.0,11.164,0.4843921856034566,12.132784371206913,10.195215628793086,0,9046.0,10.67,11.737,9.603,96793.913681251,1.713681250999798,0,0.0028115714502086053,0.03206086318749003
2023-03-29,10.78,10.61,10.79,10.58,59606433.0,11.0945,0.4570785375334243,12.008657075066848,10.180342924933152,0,9046.0,10.7,11.77,9.629999999999999,95979.773681251,1.713681250999798,0,-0.008411066037488868,0.040202263187490025
2023-03-30,10.63,10.74,10.76,10.51,82454624.0,11.0285,0.40235196689362385,11.833203933787248,10.223796066212751,0,9046.0,10.61,11.671000000000001,9.549,97155.75368125101,1.713681250999798,0,0.012252373129212124,0.02844246318748992
2023-03-31,10.75,10.61,10.81,10.59,86549166.0,10.954,0.32378355343299076,11.601567106865982,10.30643289313402,0,9046.0,10.74,11.814000000000002,9.666,95979.773681251,1.713681250999798,0,-0.012104069552670738,0.040202263187490025
2023-04-03,10.63,10.73,10.75,10.55,74042886.0,10.904,0.27046548568602724,11.444930971372054,10.363069028627946,0,9046.0,10.61,11.671000000000001,9.549,97065.293681251,1.713681250999798,0,0.01130988288850343,0.029347063187489985
2023-04-04,10.7,10.71,10.77,10.66,64745722.0,10.86,0.21983247209974202,11.299664944199483,10.420335055800516,0,9046.0,10.73,11.803,9.657,96884.373681251,1.713681250999798,0,-0.0018638999908052734,0.031156263187489968
2023-04-06,10.67,10.65,10.68,10.58,56332130.0,10.819500000000001,0.17312833694297886,11.165756673885959,10.473243326114044,0,9046.0,10.71,11.781000000000002,9.639000000000001,96341.61368125101,1.713681250999798,0,-0.005602141804473826,0.036583863187489914
2023-04-07,10.64,10.69,10.75,10.58,60792526.0,10.795,0.15291896718957348,11.100837934379147,10.489162065620853,0,9046.0,10.65,11.715000000000002,9.585,96703.45368125099,1.713681250999798,0,0.0037558017369019314,0.03296546318749009
2023-04-10,10.7,10.74,10.75,10.65,64018181.0,10.775500000000001,0.13128815234962543,11.038076304699253,10.51292369530075,0,9046.0,10.69,11.759,9.621,97155.75368125101,1.713681250999798,0,0.004677185589367472,0.02844246318748992
2023-04-11,10.75,10.62,10.77,10.6,77777962.0,10.754,0.11856155407750539,10.99112310815501,10.516876891844989,0,9046.0,10.74,11.814000000000002,9.666,96070.23368125099,1.713681250999798,0,-0.011172987279388535,0.0392976631874901
2023-04-12,10.65,10.57,10.66,10.54,90995706.0,10.7375,0.12012603030944144,10.977752060618883,10.497247939381118,0,9046.0,10.62,11.682,9.558,95617.933681251,1.713681250999798,0,-0.004708013946345346,0.04382066318748999
2023-04-13,10.51,10.64,10.73,10.42,113159146.0,10.717,0.0966872331419287,10.910374466283859,10.523625533716142,0,9046.0,10.57,11.627,9.513,96251.153681251,1.713681250999798,0,0.006622397866396845,0.03748846318748998
2023-04-14,10.67,10.75,10.92,10.65,129799484.0,10.7115,0.09109133646487728,10.893682672929753,10.529317327070245,0,9046.0,10.64,11.704000000000002,9.576,97246.213681251,1.713681250999798,0,0.010338161797990297,0.027537863187490002
2023-04-17,10.72,10.95,10.96,10.67,130421259.0,10.719000000000001,0.1040192289916153,10.927038457983231,10.510961542016771,0,9046.0,10.75,11.825000000000001,9.675,99055.413681251,1.713681250999798,0,0.01860432331000683,0.009445863187490031
2023-04-18,10.95,11.01,11.18,10.91,153893615.0,10.7375,0.1207814468150923,10.979062893630186,10.495937106369816,0,9046.0,10.95,12.045,9.855,99598.17368125099,1.713681250999798,0,0.0054793572590241535,0.004018263187490084
2023-04-19,11.02,10.88,11.07,10.86,101437815.0,10.744,0.1249168144259448,10.99383362885189,10.49416637114811,-1,0.0,11.01,12.111,9.909,89611.63663705102,89611.63663705102,-1,-0.1002682747593383,0.10388363362948978
2023-04-20,10.92,10.8,10.92,10.69,81178841.0,10.7425,0.12400657877289217,10.990513157545784,10.494486842454215,0,0.0,10.88,11.968000000000002,9.792000000000002,89611.63663705102,89611.63663705102,0,0.0,0.10388363362948978
2023-04-21,10.75,10.58,10.86,10.57,91866839.0,10.7255,0.12167579874408106,10.968851597488163,10.482148402511838,0,0.0,10.8,11.880000000000003,9.72,89611.63663705102,89611.63663705102,0,0.0,0.10388363362948978
2023-04-24,10.57,10.25,10.58,10.19,146767192.0,10.694999999999999,0.1573965825884931,11.009793165176985,10.380206834823012,0,0.0,10.58,11.638000000000002,9.522,89611.63663705102,89611.63663705102,0,0.0,0.10388363362948978
2023-04-25,10.28,10.4,10.47,10.26,130190082.0,10.6815,0.17067281718635152,11.022845634372702,10.340154365627297,1,8613.0,10.25,11.275,9.225,89575.80386979503,0.6038697950280039,1,-0.00039986734536645585,0.10424196130204975
2023-04-26,10.37,10.26,10.37,10.15,99126040.0,10.6595,0.19481367616536216,11.049127352330723,10.269872647669276,0,8613.0,10.4,11.440000000000001,9.360000000000001,88369.98386979503,0.6038697950280039,0,-0.013461447711401342,0.11630016130204968
2023-04-27,10.21,10.38,10.46,10.16,100409337.0,10.648,0.20444018556461482,11.05688037112923,10.23911962887077,1,8613.0,10.26,11.286000000000001,9.234,89403.54386979503,0.6038697950280039,0,0.011695826509630747,0.1059645613020497
2023-04-28,10.38,10.63,10.82,10.35,144525434.0,10.642500000000002,0.20331140232608547,11.049122804652173,10.23587719534783,0,8613.0,10.38,11.418000000000001,9.342,91556.79386979503,0.6038697950280039,0,0.02408461574113807,0.0844320613020497
2023-05-04,10.5,10.78,10.86,10.32,147826438.0,10.651,0.20542382376061194,11.061847647521224,10.240152352478775,0,8613.0,10.63,11.693000000000001,9.567,92848.74386979503,0.6038697950280039,0,0.014110913514919554,0.07151256130204972
2023-05-05,10.82,10.93,11.1,10.8,176218865.0,10.661000000000001,0.2141543958530102,11.089308791706022,10.23269120829398,0,8613.0,10.78,11.858,9.702,94140.69386979502,0.6038697950280039,0,0.013914566273634632,0.058593061302049755
2023-05-08,10.96,11.28,11.42,10.87,263071861.0,10.689499999999999,0.25504333997022505,11.199586679940449,10.179413320059549,0,8613.0,10.93,12.023000000000001,9.837,97155.24386979503,0.6038697950280039,0,0.03202175250768158,0.028447561302049725
2023-05-09,11.35,11.14,11.52,11.12,242253445.0,10.714,0.27388818310054064,11.261776366201081,10.16622363379892,-1,0.0,11.28,12.408,10.152,87413.54811699502,87413.54811699502,-1,-0.10026937677039416,0.1258645188300498
2023-05-10,11.15,10.87,11.23,10.84,123705339.0,10.723,0.2760072462817055,11.275014492563411,10.17098550743659,0,0.0,11.14,12.254000000000001,10.026000000000002,87413.54811699502,87413.54811699502,0,0.0,0.1258645188300498
2023-05-11,10.97,10.88,11.11,10.84,90375844.0,10.73,0.2782274722521116,11.286454944504223,10.173545055495778,0,0.0,10.87,11.957,9.783,87413.54811699502,87413.54811699502,0,0.0,0.1258645188300498
2023-05-12,10.86,10.69,10.9,10.68,88560368.0,10.733500000000001,0.27720930720307724,11.287918614406156,10.179081385593847,0,0.0,10.88,11.968000000000002,9.792000000000002,87413.54811699502,87413.54811699502,0,0.0,0.1258645188300498
2023-05-15,10.74,10.86,10.88,10.54,92832563.0,10.748,0.27578786660843363,11.299575733216866,10.196424266783133,0,0.0,10.69,11.759,9.621,87413.54811699502,87413.54811699502,0,0.0,0.1258645188300498
2023-05-16,10.84,10.69,10.94,10.64,99830169.0,10.7505,0.2749827745801537,11.300465549160307,10.200534450839694,0,0.0,10.86,11.946,9.774,87413.54811699502,87413.54811699502,0,0.0,0.1258645188300498
2023-05-17,10.65,10.58,10.7,10.53,75462120.0,10.742,0.277613893175793,11.297227786351588,10.186772213648414,0,0.0,10.69,11.759,9.621,87413.54811699502,87413.54811699502,0,0.0,0.1258645188300498
2023-05-18,10.64,10.58,10.7,10.53,68718687.0,10.7235,0.27534237060910466,11.274184741218209,10.17281525878179,0,0.0,10.58,11.638000000000002,9.522,87413.54811699502,87413.54811699502,0,0.0,0.1258645188300498
2023-05-19,10.53,10.45,10.53,10.43,68841368.0,10.6955,0.27313915867193,11.24177831734386,10.149221682656139,0,0.0,10.58,11.638000000000002,9.522,87413.54811699502,87413.54811699502,0,0.0,0.1258645188300498
2023-05-22,10.42,10.48,10.54,10.42,54932785.0,10.6755,0.27356275138874075,11.22262550277748,10.128374497222518,0,0.0,10.45,11.495000000000001,9.405,87413.54811699502,87413.54811699502,0,0.0,0.1258645188300498
2023-05-23,10.48,10.34,10.51,10.34,69436436.0,10.6525,0.28175904225906606,11.216018084518131,10.088981915481869,0,0.0,10.48,11.528000000000002,9.432,87413.54811699502,87413.54811699502,0,0.0,0.1258645188300498
2023-05-24,10.33,10.17,10.34,10.17,82425088.0,10.632000000000001,0.3015329256700949,11.235065851340192,10.028934148659811,0,0.0,10.34,11.374,9.306000000000001,87413.54811699502,87413.54811699502,0,0.0,0.1258645188300498
2023-05-25,10.15,10.1,10.16,10.0,88274430.0,10.624500000000001,0.31317516537959283,11.250850330759187,9.998149669240815,0,0.0,10.17,11.187000000000001,9.153,87413.54811699502,87413.54811699502,0,0.0,0.1258645188300498
2023-05-26,10.1,10.25,10.27,10.03,51142864.0,10.617,0.3205439455872478,11.258087891174496,9.975912108825506,0,0.0,10.1,11.110000000000001,9.09,87413.54811699502,87413.54811699502,0,0.0,0.1258645188300498
2023-05-29,10.25,10.14,10.27,10.12,56607382.0,10.611,0.32859990069513245,11.268199801390265,9.953800198609736,0,0.0,10.25,11.275,9.225,87413.54811699502,87413.54811699502,0,0.0,0.1258645188300498
2023-05-30,10.14,10.05,10.15,9.99,76399692.0,10.5945,0.3484926186638197,11.29148523732764,9.89751476267236,0,0.0,10.14,11.154000000000002,9.126000000000001,87413.54811699502,87413.54811699502,0,0.0,0.1258645188300498
2023-05-31,10.01,9.82,10.03,9.81,117958671.0,10.553999999999998,0.38887692546344604,11.33175385092689,9.776246149073106,0,0.0,10.05,11.055000000000001,9.045000000000002,87413.54811699502,87413.54811699502,0,0.0,0.1258645188300498
2023-06-01,9.82,9.81,9.89,9.74,74302293.0,10.5055,0.4185623892375156,11.342624778475031,9.668375221524968,0,0.0,9.82,10.802000000000001,8.838000000000001,87413.54811699502,87413.54811699502,0,0.0,0.1258645188300498
2023-06-02,9.89,10.1,10.14,9.86,122184253.0,10.464,0.4153932822607688,11.294786564521537,9.633213435478464,0,0.0,9.81,10.791000000000002,8.829,87413.54811699502,87413.54811699502,0,0.0,0.1258645188300498
2023-06-05,10.06,10.09,10.16,10.01,52184619.0,10.4045,0.375688490780951,11.155876981561903,9.653123018438098,0,0.0,10.1,11.110000000000001,9.09,87413.54811699502,87413.54811699502,0,0.0,0.1258645188300498
2023-06-06,10.09,10.03,10.24,10.01,83327347.0,10.349,0.34177400966752186,11.032548019335044,9.665451980664956,0,0.0,10.09,11.099,9.081,87413.54811699502,87413.54811699502,0,0.0,0.1258645188300498
2023-06-07,10.07,10.11,10.22,10.06,64369784.0,10.311,0.3225049979212955,10.95600999584259,9.66599000415741,0,0.0,10.03,11.033,9.027,87413.54811699502,87413.54811699502,0,0.0,0.1258645188300498
2023-06-08,10.13,10.26,10.33,10.04,86939712.0,10.28,0.29341904648831,10.86683809297662,9.693161907023379,0,0.0,10.11,11.121,9.099,87413.54811699502,87413.54811699502,0,0.0,0.1258645188300498
2023-06-09,10.21,10.06,10.24,10.03,131528476.0,10.2485,0.28062477288703147,10.809749545774062,9.687250454225937,0,0.0,10.26,11.286000000000001,9.234,87413.54811699502,87413.54811699502,0,0.0,0.1258645188300498
2023-06-12,10.01,9.98,10.08,9.96,75874703.0,10.2045,0.24662938314722682,10.697758766294452,9.711241233705547,0,0.0,10.06,11.066,9.054,87413.54811699502,87413.54811699502,0,0.0,0.1258645188300498
2023-06-13,9.96,9.97,10.03,9.9,84998805.0,10.168499999999998,0.22349555511888133,10.61549111023776,9.721508889762235,0,0.0,9.98,10.978000000000002,8.982000000000001,87413.54811699502,87413.54811699502,0,0.0,0.1258645188300498
2023-06-14,10.02,9.95,10.18,9.94,106920004.0,10.137,0.20617059875131422,10.54934119750263,9.724658802497371,0,0.0,9.97,10.967000000000002,8.973,87413.54811699502,87413.54811699502,0,0.0,0.1258645188300498
2023-06-15,9.97,10.07,10.09,9.88,92530056.0,10.1115,0.17812695058950834,10.467753901179016,9.755246098820983,0,0.0,9.95,10.945,8.955,87413.54811699502,87413.54811699502,0,0.0,0.1258645188300498
2023-06-16,10.07,10.09,10.13,10.04,84203365.0,10.0935,0.15931679793814663,10.412133595876293,9.774866404123708,0,0.0,10.07,11.077000000000002,9.063,87413.54811699502,87413.54811699502,0,0.0,0.1258645188300498
2023-06-19,10.09,9.94,10.09,9.9,95399707.0,10.066500000000001,0.1341356344192447,10.334771268838491,9.798228731161512,0,0.0,10.09,11.099,9.081,87413.54811699502,87413.54811699502,0,0.0,0.1258645188300498
2023-06-20,9.93,9.86,9.94,9.85,54455079.0,10.0425,0.12527338525254222,10.293046770505084,9.791953229494917,0,0.0,9.94,10.934000000000001,8.946,87413.54811699502,87413.54811699502,0,0.0,0.1258645188300498
2023-06-21,9.86,9.85,9.96,9.84,61658296.0,10.0265,0.12852503340021507,10.28355006680043,9.76944993319957,0,0.0,9.86,10.846,8.874,87413.54811699502,87413.54811699502,0,0.0,0.1258645188300498
2023-06-26,9.81,9.7,9.81,9.68,67657743.0,10.006499999999999,0.14636921591790023,10.2992384318358,9.713761568164198,0,0.0,9.85,10.835,8.865,87413.54811699502,87413.54811699502,0,0.0,0.1258645188300498
2023-06-27,9.72,9.79,9.82,9.69,46170178.0,9.9835,0.1421739112939893,10.267847822587978,9.69915217741202,1,8925.0,9.7,10.67,8.73,87378.59519572252,2.84519572253339,1,-0.0003998570247454314,0.1262140480427748
2023-06-28,9.79,9.81,9.83,9.74,36539644.0,9.967,0.1422044488163335,10.251408897632668,9.682591102367333,0,8925.0,9.79,10.769,8.811,87557.09519572253,2.84519572253339,0,0.0020428343989760123,0.12442904804277466
2023-06-29,9.8,9.7,9.8,9.69,48590630.0,9.9495,0.15260802903620396,10.254716058072407,9.644283941927593,0,8925.0,9.81,10.791000000000002,8.829,86575.34519572253,2.84519572253339,0,-0.011212683538728951,0.13424654804277467
2023-06-30,9.7,9.75,9.81,9.68,51905258.0,9.946000000000002,0.15648776646316678,10.258975532926335,9.633024467073668,0,8925.0,9.7,10.67,8.73,87021.59519572253,2.84519572253339,0,0.0051544697741736645,0.12978404804277466
2023-07-03,9.75,9.97,10.01,9.75,88509071.0,9.954,0.15322498078590596,10.260449961571812,9.64755003842819,0,8925.0,9.75,10.725000000000001,8.775,88985.09519572253,2.84519572253339,0,0.022563364824373044,0.11014904804277467
2023-07-04,9.94,9.89,9.97,9.82,61630056.0,9.9435,0.1498516810575995,10.2432033621152,9.643796637884801,0,8925.0,9.97,10.967000000000002,8.973,88271.09519572253,2.84519572253339,0,-0.00802381565620125,0.11728904804277467
2023-07-05,9.86,9.84,9.89,9.81,42348240.0,9.931000000000001,0.1473949224291449,10.22578984485829,9.636210155141711,0,8925.0,9.89,10.879000000000001,8.901000000000002,87824.84519572253,2.84519572253339,0,-0.005055448774148985,0.12175154804277466
2023-07-06,9.81,9.75,9.84,9.73,59709591.0,9.917,0.1507559896689063,10.218511979337812,9.615488020662188,0,8925.0,9.84,10.824,8.856,87021.59519572253,2.84519572253339,0,-0.009146045156241511,0.12978404804277466
2023-07-07,9.72,9.72,9.78,9.7,48444083.0,9.897499999999999,0.14969706251731965,10.196894125034639,9.59810587496536,0,8925.0,9.75,10.725000000000001,8.775,86753.84519572253,2.84519572253339,0,-0.0030768224760509,0.13246154804277466
2023-07-10,9.76,9.72,9.79,9.69,49588228.0,9.8705,0.12799979440772255,10.126499588815445,9.614500411184554,0,8925.0,9.72,10.692000000000002,8.748000000000001,86753.84519572253,2.84519572253339,0,0.0,0.13246154804277466
2023-07-11,9.74,9.73,9.77,9.71,57080909.0,9.854000000000001,0.12347597251883322,10.100951945037668,9.607048054962334,0,8925.0,9.72,10.692000000000002,8.748000000000001,86843.09519572253,2.84519572253339,0,0.001028772843424397,0.13156904804277467
2023-07-12,9.75,9.75,9.86,9.74,73608367.0,9.842500000000001,0.12182277896059517,10.086145557921192,9.59885444207881,0,8925.0,9.73,10.703000000000001,8.757000000000001,87021.59519572253,2.84519572253339,0,0.0020554311151359528,0.12978404804277466
2023-07-13,9.82,9.92,9.95,9.78,112422973.0,9.84,0.11956059903707007,10.07912119807414,9.600878801925859,0,8925.0,9.75,10.725000000000001,8.775,88538.84519572253,2.84519572253339,0,0.01743532736428821,0.11461154804277467
2023-07-14,9.92,9.94,10.02,9.89,71914699.0,9.8395,0.11909637848574078,10.07769275697148,9.601307243028518,0,8925.0,9.92,10.912,8.928,88717.34519572253,2.84519572253339,0,0.002016064243953064,0.11282654804277467
2023-07-17,9.9,9.81,9.9,9.77,60834258.0,9.8265,0.10609206528193858,10.038684130563876,9.614315869436123,0,8925.0,9.94,10.934000000000001,8.946,87557.09519572253,2.84519572253339,0,-0.013078051393899726,0.12442904804277466
2023-07-18,9.8,9.76,9.82,9.74,47196618.0,9.809999999999999,0.08687559162992874,9.983751183259857,9.63624881674014,0,8925.0,9.81,10.791000000000002,8.829,87110.84519572253,2.84519572253339,0,-0.005096674335785867,0.12889154804277467
2023-07-19,9.75,9.81,9.82,9.75,38219596.0,9.8035,0.08132294296586329,9.966145885931727,9.640854114068272,0,8925.0,9.76,10.736,8.784,87557.09519572253,2.84519572253339,0,0.005122783494952321,0.12442904804277466
2023-07-20,9.83,9.82,9.93,9.8,55406957.0,9.801499999999999,0.08034628999391903,9.962192579987837,9.64080742001216,0,8925.0,9.81,10.791000000000002,8.829,87646.34519572253,2.84519572253339,0,0.0010193348671572178,0.12353654804277467
2023-07-21,9.81,9.84,9.88,9.79,37710256.0,9.800999999999998,0.08005918863071235,9.961118377261423,9.640881622738574,0,8925.0,9.82,10.802000000000001,8.838000000000001,87824.84519572253,2.84519572253339,0,0.002036593763281136,0.12175154804277466
2023-07-24,9.83,9.77,9.83,9.75,42685218.0,9.8045,0.07687823591818566,9.958256471836371,9.65074352816363,0,8925.0,9.84,10.824,8.856,87200.09519572253,2.84519572253339,0,-0.007113590677076731,0.12799904804277468
2023-07-25,9.94,10.17,10.18,9.93,203295819.0,9.8235,0.11202795703703748,10.047555914074074,9.599444085925924,0,8925.0,9.77,10.747,8.793,90770.09519572253,2.84519572253339,0,0.04094032227817013,0.09229904804277467
2023-07-26,10.11,10.13,10.19,10.03,75166268.0,9.839500000000001,0.1312079506576761,10.101915901315353,9.577084098684649,0,8925.0,10.17,11.187000000000001,9.153,90413.09519572253,2.84519572253339,0,-0.003933013392023232,0.09586904804277467
2023-07-27,10.14,10.2,10.3,10.11,111519586.0,9.8645,0.14957747508441693,10.163654950168834,9.565345049831166,0,8925.0,10.13,11.143000000000002,9.117,91037.84519572253,2.84519572253339,0,0.006909950363357842,0.08962154804277467
2023-07-28,10.14,10.64,10.67,10.13,234701346.0,9.909,0.22638811573792145,10.361776231475844,9.456223768524158,0,8925.0,10.2,11.22,9.18,94964.84519572253,2.84519572253339,0,0.043135906738096974,0.05035154804277467
2023-07-31,10.67,10.69,10.85,10.61,185495239.0,9.945,0.2859977916734735,10.516995583346947,9.373004416653053,0,8925.0,10.64,11.704000000000002,9.576,95411.09519572253,2.84519572253339,0,0.004699107328404395,0.04588904804277467
2023-08-01,10.64,10.55,10.73,10.53,95773478.0,9.978,0.3158380664367817,10.609676132873563,9.346323867126436,-1,0.0,10.69,11.759,9.621,85844.50996822254,85844.50996822254,-1,-0.10026700990985882,0.1415549003177746
2023-08-02,10.47,10.44,10.62,10.35,111590004.0,10.008,0.3302088653213915,10.668417730642782,9.347582269357217,0,0.0,10.55,11.605000000000002,9.495000000000001,85844.50996822254,85844.50996822254,0,0.0,0.1415549003177746
2023-08-03,10.4,10.7,10.73,10.37,117584771.0,10.0555,0.3582776782564623,10.772055356512926,9.338944643487075,0,0.0,10.44,11.484,9.395999999999999,85844.50996822254,85844.50996822254,0,0.0,0.1415549003177746
2023-08-04,10.78,10.67,10.87,10.6,130313102.0,10.103,0.37408273782258566,10.851165475645171,9.354834524354828,0,0.0,10.7,11.77,9.629999999999999,85844.50996822254,85844.50996822254,0,0.0,0.1415549003177746
2023-08-07,10.6,10.55,10.63,10.52,64691326.0,10.1445,0.375394178795681,10.895288357591363,9.393711642408638,0,0.0,10.67,11.737,9.603,85844.50996822254,85844.50996822254,0,0.0,0.1415549003177746
2023-08-08,10.52,10.5,10.6,10.41,72570456.0,10.183,0.37009387144913664,10.923187742898273,9.442812257101727,0,0.0,10.55,11.605000000000002,9.495000000000001,85844.50996822254,85844.50996822254,0,0.0,0.1415549003177746
2023-08-09,10.47,10.56,10.59,10.46,57760774.0,10.2235,0.3644935202658464,10.952487040531693,9.494512959468306,0,0.0,10.5,11.55,9.450000000000001,85844.50996822254,85844.50996822254,0,0.0,0.1415549003177746
2023-08-10,10.54,10.55,10.6,10.47,47559453.0,10.254999999999999,0.36410669344372903,10.983213386887456,9.526786613112542,0,0.0,10.56,11.616000000000001,9.504000000000001,85844.50996822254,85844.50996822254,0,0.0,0.1415549003177746
2023-08-11,10.56,10.32,10.65,10.32,94353857.0,10.274000000000001,0.35664223559545716,10.987284471190915,9.560715528809087,0,0.0,10.55,11.605000000000002,9.495000000000001,85844.50996822254,85844.50996822254,0,0.0,0.1415549003177746
2023-08-14,10.21,10.13,10.22,10.06,97592018.0,10.290000000000001,0.34159070614745213,10.973181412294906,9.606818587705096,0,0.0,10.32,11.352000000000002,9.288,85844.50996822254,85844.50996822254,0,0.0,0.1415549003177746
2023-08-15,10.14,10.18,10.24,10.07,71281277.0,10.311,0.31948807736587986,10.94997615473176,9.67202384526824,0,0.0,10.13,11.143000000000002,9.117,85844.50996822254,85844.50996822254,0,0.0,0.1415549003177746
2023-08-16,10.13,10.18,10.28,10.07,57290437.0,10.3295,0.2990066888883908,10.927513377776782,9.731486622223217,0,0.0,10.18,11.198,9.162,85844.50996822254,85844.50996822254,0,0.0,0.1415549003177746
2023-08-17,10.13,10.04,10.15,9.94,96505775.0,10.340499999999999,0.28288876370682847,10.906277527413655,9.774722472586342,0,0.0,10.18,11.198,9.162,85844.50996822254,85844.50996822254,0,0.0,0.1415549003177746
2023-08-18,10.05,10.03,10.19,10.01,65981885.0,10.35,0.26799450112190315,10.885989002243806,9.814010997756194,0,0.0,10.04,11.044,9.036,85844.50996822254,85844.50996822254,0,0.0,0.1415549003177746
2023-08-21,10.03,9.82,10.05,9.82,70149785.0,10.352500000000001,0.26247556277229,10.877451125544582,9.82754887445542,0,0.0,10.03,11.033,9.027,85844.50996822254,85844.50996822254,0,0.0,0.1415549003177746
2023-08-22,9.88,9.87,9.94,9.81,60680809.0,10.3375,0.2813477900168532,10.900195580033706,9.774804419966294,1,8694.0,9.82,10.802000000000001,8.838000000000001,85810.18348192914,0.40348192914098036,1,-0.000399868160539385,0.1418981651807086
2023-08-23,9.85,9.76,9.91,9.75,69180998.0,10.318999999999999,0.30672977992809236,10.932459559856184,9.705540440143814,0,8694.0,9.87,10.857,8.883,84853.84348192914,0.40348192914098036,0,-0.01114483108174913,0.15146156518070858
2023-08-24,9.8,9.66,9.82,9.59,129127070.0,10.292,0.33974603518076857,10.971492070361537,9.612507929638463,0,8694.0,9.76,10.736,8.784,83984.44348192915,0.40348192914098036,0,-0.010245852919852028,0.1601555651807085
2023-08-25,9.63,9.75,9.83,9.62,84534992.0,10.247499999999999,0.34990036175730743,10.947300723514614,9.547699276485384,0,8694.0,9.66,10.626000000000001,8.694,84766.90348192914,0.40348192914098036,0,0.009316725426279149,0.1523309651807086
2023-08-28,10.27,10.0,10.35,9.97,199760987.0,10.213,0.3377806825052086,10.888561365010416,9.537438634989583,0,8694.0,9.75,10.725000000000001,8.775,86940.40348192914,0.40348192914098036,0,0.025640903592324182,0.1305959651807086
2023-08-29,9.95,9.81,9.97,9.66,196496143.0,10.176,0.3394484690757869,10.854896938151574,9.497103061848426,0,8694.0,10.0,11.0,9.0,85288.54348192914,0.40348192914098036,0,-0.018999911822853988,0.1471145651807086
2023-08-30,9.78,9.66,9.78,9.66,137563829.0,10.137,0.35209299010944783,10.841185980218896,9.432814019781105,0,8694.0,9.81,10.791000000000002,8.829,83984.44348192915,0.40348192914098036,0,-0.015290447541483676,0.1601555651807085
2023-08-31,9.67,9.66,9.74,9.65,80647403.0,10.084999999999999,0.3411975812834641,10.767395162566928,9.40260483743307,0,8694.0,9.66,10.626000000000001,8.694,83984.44348192915,0.40348192914098036,0,0.0,0.1601555651807085
2023-09-01,9.71,9.82,9.86,9.71,113870483.0,10.0425,0.31654175745157026,10.67558351490314,9.40941648509686,0,8694.0,9.66,10.626000000000001,8.694,85375.48348192914,0.40348192914098036,0,0.016563067424496314,0.14624516518070857
2023-09-04,9.85,10.03,10.06,9.83,141002923.0,10.016499999999999,0.293154800134857,10.602809600269714,9.430190399730284,0,8694.0,9.82,10.802000000000001,8.838000000000001,87201.22348192913,0.40348192914098036,0,0.02138482765238381,0.12798776518070867
2023-09-05,9.98,9.88,9.99,9.86,80417716.0,9.985499999999998,0.2713024142907746,10.528104828581547,9.44289517141845,0,8694.0,10.03,11.033,9.027,85897.12348192914,0.40348192914098036,0,-0.014955065398483125,0.1410287651807086
2023-09-06,9.83,9.92,9.94,9.81,63484051.0,9.9535,0.2353334700064288,10.424166940012858,9.482833059987142,0,8694.0,9.88,10.868000000000002,8.892000000000001,86244.88348192914,0.40348192914098036,0,0.004048563978666264,0.13755116518070862
2023-09-07,9.89,9.83,9.93,9.82,54004157.0,9.9175,0.1899826861917571,10.297465372383515,9.537534627616486,0,8694.0,9.92,10.912,8.928,85462.42348192915,0.40348192914098036,0,-0.00907253820064513,0.14537576518070855
2023-09-08,9.79,9.78,9.82,9.75,47902967.0,9.8905,0.16671674686190044,10.2239334937238,9.557066506276199,0,8694.0,9.83,10.813,8.847,85027.72348192913,0.40348192914098036,0,-0.005086445975779341,0.14972276518070868
2023-09-11,9.81,9.84,9.89,9.78,65448558.0,9.876,0.15712549459790484,10.190250989195809,9.56174901080419,0,8694.0,9.78,10.758000000000001,8.802,85549.36348192913,0.40348192914098036,0,0.0061349402128925146,0.14450636518070867
2023-09-12,9.85,9.79,9.85,9.76,49548506.0,9.8565,0.14076015435000241,10.138020308700005,9.574979691299996,0,8694.0,9.84,10.824,8.856,85114.66348192914,0.40348192914098036,0,-0.005081276847744398,0.14885336518070863
2023-09-13,9.8,9.76,9.82,9.73,49021797.0,9.8355,0.11971347371736757,10.074926947434735,9.596073052565265,0,8694.0,9.79,10.769,8.811,84853.84348192914,0.40348192914098036,0,-0.0030643368525491432,0.15146156518070858
2023-09-14,9.79,9.8,9.83,9.76,55165017.0,9.8235,0.10974971526161387,10.042999430523228,9.60400056947677,0,8694.0,9.76,10.736,8.784,85201.60348192915,0.40348192914098036,0,0.004098341167940944,0.14798396518070847
2023-09-15,9.85,9.74,9.89,9.72,89047613.0,9.809000000000001,0.09973121772784665,10.008462435455694,9.609537564544308,0,8694.0,9.8,10.780000000000001,8.82,84679.96348192914,0.40348192914098036,0,-0.0061224199860352435,0.15320036518070862
2023-09-18,9.74,9.75,9.75,9.67,50132501.0,9.805499999999999,0.10054980436530067,10.0065996087306,9.604400391269397,0,8694.0,9.74,10.714,8.766,84766.90348192914,0.40348192914098036,0,0.0010266891531969247,0.1523309651807086
2023-09-19,9.74,9.73,9.75,9.68,50366432.0,9.7985,0.10069626031839922,9.999892520636799,9.597107479363203,0,8694.0,9.75,10.725000000000001,8.775,84593.02348192915,0.40348192914098036,0,-0.0020512722873857747,0.1540697651807085
2023-09-20,9.72,9.68,9.74,9.68,55887241.0,9.7945,0.10384578647411097,10.002191572948222,9.586808427051777,0,8694.0,9.73,10.703000000000001,8.757000000000001,84158.32348192914,0.40348192914098036,0,-0.005138721635749022,0.1584167651807086
2023-09-21,9.67,9.59,9.67,9.58,84393011.0,9.791,0.10963576058935173,10.010271521178703,9.571728478821298,0,8694.0,9.68,10.648,8.712,83375.86348192913,0.40348192914098036,0,-0.009297476085868284,0.16624136518070867
2023-09-22,9.57,9.75,9.76,9.57,91148430.0,9.791,0.10963576058935173,10.010271521178703,9.571728478821298,0,8694.0,9.59,10.549000000000001,8.631,84766.90348192914,0.40348192914098036,0,0.01668396514180026,0.1523309651807086
2023-09-25,9.75,9.74,9.82,9.71,76121125.0,9.778,0.09838699101002027,9.974773982020041,9.58122601797996,0,8694.0,9.75,10.725000000000001,8.775,84679.96348192914,0.40348192914098036,0,-0.0010256361436929984,0.15320036518070862
2023-09-26,9.74,9.68,9.77,9.67,44498035.0,9.7715,0.1004345820082096,9.972369164016419,9.57063083598358,0,8694.0,9.74,10.714,8.766,84158.32348192914,0.40348192914098036,0,-0.006160134919180993,0.1584167651807086
2023-09-27,9.68,9.69,9.74,9.68,49031061.0,9.773,0.09889388252063863,9.970787765041276,9.575212234958723,0,8694.0,9.68,10.648,8.712,84245.26348192914,0.40348192914098036,0,0.0010330528984299203,0.15754736518070858
2023-09-28,9.71,9.72,9.75,9.7,52069678.0,9.776,0.0961577651023542,9.968315530204709,9.58368446979529,0,8694.0,9.69,10.659,8.721,84506.08348192915,0.40348192914098036,0,0.0030959604044202838,0.15493916518070852
2023-10-09,9.68,9.64,9.69,9.6,69582809.0,9.767,0.10016302500899868,9.967326050017997,9.566673949982002,0,8694.0,9.72,10.692000000000002,8.748000000000001,83810.56348192914,0.40348192914098036,0,-0.008230413377857349,0.16189436518070854
2023-10-10,9.71,9.56,9.72,9.56,82074851.0,9.743500000000001,0.08981120549010103,9.923122410980204,9.563877589019798,0,8694.0,9.64,10.604000000000001,8.676,83115.04348192914,0.40348192914098036,0,-0.008298715234744458,0.1688495651807086
2023-10-11,9.62,9.53,9.62,9.51,72411569.0,9.726,0.09571888665861268,9.917437773317227,9.534562226682775,0,8694.0,9.56,10.516000000000002,8.604000000000001,82854.22348192913,0.40348192914098036,0,-0.0031380600800228198,0.17145776518070865
2023-10-12,9.64,9.64,9.68,9.58,85305750.0,9.712,0.08581497844969957,9.8836299568994,9.5403700431006,1,8694.0,9.53,10.483,8.577,83810.56348192914,0.40348192914098036,0,0.01154244116726999,0.16189436518070854
2023-10-13,9.57,9.55,9.61,9.5,68448308.0,9.698,0.08835335754503305,9.874706715090067,9.521293284909934,0,8694.0,9.64,10.604000000000001,8.676,83028.10348192915,0.40348192914098036,0,-0.009336054639087377,0.16971896518070848
2023-10-16,9.55,9.55,9.57,9.5,50162432.0,9.6865,0.09201115493018136,9.870522309860362,9.502477690139639,0,8694.0,9.55,10.505,8.595,83028.10348192915,0.40348192914098036,0,0.0,0.16971896518070848
2023-10-17,9.55,9.56,9.59,9.51,49352505.0,9.672500000000001,0.08866702941494208,9.849834058829884,9.495165941170118,0,8694.0,9.55,10.505,8.595,83115.04348192914,0.40348192914098036,0,0.0010471153302797909,0.1688495651807086
2023-10-18,9.54,9.5,9.56,9.47,65182492.0,9.658000000000001,0.0920869154658098,9.842173830931621,9.473826169068381,0,8694.0,9.56,10.516000000000002,8.604000000000001,82593.40348192914,0.40348192914098036,0,-0.0062761201600455285,0.1740659651807086
2023-10-19,9.47,9.2,9.48,9.19,118896083.0,9.629999999999999,0.1347121687935434,9.899424337587085,9.360575662412913,0,0.0,9.5,10.450000000000001,8.55,74311.80337192916,74311.80337192916,-1,-0.10026951016508168,0.2568819662807084
2023-10-20,9.16,9.2,9.26,9.12,52613912.0,9.6,0.1594067950741035,9.918813590148206,9.281186409851793,0,0.0,9.2,10.12,8.28,74311.80337192916,74311.80337192916,0,0.0,0.2568819662807084
2023-10-23,9.19,9.11,9.2,9.05,53040448.0,9.5685,0.18966105501520786,9.947822110030415,9.189177889969585,0,0.0,9.2,10.12,8.28,74311.80337192916,74311.80337192916,0,0.0,0.2568819662807084
2023-10-24,9.15,9.16,9.21,9.06,76065269.0,9.539,0.20519310545513972,9.94938621091028,9.12861378908972,1,8109.0,9.11,10.021,8.199,74282.08976757595,3.6497675759455888,1,-0.00039985040067580524,0.2571791023242405
2023-10-25,9.12,9.01,9.15,8.99,141144968.0,9.503,0.23140531768444791,9.965810635368896,9.040189364631104,0,8109.0,9.16,10.076,8.244,73065.73976757594,3.6497675759455888,0,-0.016374741257359493,0.26934260232424057
2023-10-26,8.95,9.03,9.04,8.94,59999147.0,9.4705,0.2501257578436319,9.970751515687263,8.970248484312735,1,8109.0,9.01,9.911000000000001,8.109,73227.91976757594,3.6497675759455888,0,0.002219644945988364,0.26772080232424067
2023-10-27,9.01,9.07,9.09,8.96,91977136.0,9.444500000000001,0.2637078726645689,9.97191574532914,8.917084254670863,0,8109.0,9.03,9.933,8.126999999999999,73552.27976757595,3.6497675759455888,0,0.004429458067763292,0.2644772023242405
2023-10-30,9.02,9.07,9.09,8.98,80568955.0,9.4105,0.2660723091270872,9.942644618254175,8.878355381745827,0,8109.0,9.07,9.977,8.163,73552.27976757595,3.6497675759455888,0,0.0,0.2644772023242405
2023-10-31,9.05,9.08,9.1,9.03,65285523.0,9.3775,0.26397517825896477,9.905450356517928,8.84954964348207,0,8109.0,9.07,9.977,8.163,73633.36976757595,3.6497675759455888,0,0.0011024811230357923,0.26366630232424054
2023-11-01,9.16,9.09,9.16,9.07,56730035.0,9.347999999999999,0.26134470079109995,9.870689401582199,8.825310598417799,0,8109.0,9.08,9.988000000000001,8.172,73714.45976757594,3.6497675759455888,0,0.0011012669969601152,0.2628554023242406
2023-11-02,9.11,9.09,9.2,9.09,61942995.0,9.318,0.2543640159920229,9.826728031984045,8.809271968015954,0,8109.0,9.09,9.999,8.181000000000001,73714.45976757594,3.6497675759455888,0,0.0,0.2628554023242406
2023-11-03,9.1,9.09,9.13,9.05,70546347.0,9.2865,0.2405973924695976,9.767694784939195,8.805305215060805,0,8109.0,9.09,9.999,8.181000000000001,73714.45976757594,3.6497675759455888,0,0.0,0.2628554023242406
2023-11-06,9.12,9.28,9.28,9.12,100706221.0,9.2685,0.2257682789709079,9.720036557941816,8.816963442058183,0,8109.0,9.09,9.999,8.181000000000001,75255.16976757594,3.6497675759455888,0,0.020901055299840765,0.24744830232424064
2023-11-07,9.25,9.2,9.25,9.18,64086612.0,9.250499999999999,0.21541819793140116,9.6813363958628,8.819663604137197,0,8109.0,9.28,10.208,8.352,74606.44976757593,3.6497675759455888,0,-0.008620271564113935,0.25393550232424067
2023-11-08,9.18,9.11,9.2,9.07,87781875.0,9.2295,0.20704626993681782,9.643592539873636,8.815407460126364,0,8109.0,9.2,10.12,8.28,73876.63976757594,3.6497675759455888,0,-0.009782130127805266,0.26123360232424064
2023-11-09,9.08,9.1,9.13,9.05,63913648.0,9.202499999999999,0.184701038665796,9.571902077331591,8.833097922668406,0,8109.0,9.11,10.021,8.199,73795.54976757594,3.6497675759455888,0,-0.0010976406108225145,0.2620445023242406
2023-11-10,9.07,8.94,9.09,8.93,104504417.0,9.172,0.17437406856951992,9.52074813713904,8.82325186286096,0,8109.0,9.1,10.01,8.19,72498.10976757594,3.6497675759455888,0,-0.0175815479942405,0.27501890232424064
2023-11-13,8.95,8.89,8.96,8.87,77004310.0,9.139,0.16101323907650986,9.46102647815302,8.816973521846979,0,8109.0,8.94,9.834,8.046,72092.65976757595,3.6497675759455888,0,-0.005592559603275538,0.27907340232424044
2023-11-14,8.89,8.91,8.96,8.88,59685888.0,9.1065,0.13507405376316828,9.376648107526337,8.836351892473663,0,8109.0,8.89,9.779000000000002,8.001000000000001,72254.83976757595,3.6497675759455888,0,0.002249604890745438,0.27745160232424054
2023-11-15,9.0,9.0,9.07,8.97,110914015.0,9.0815,0.1001722201222794,9.281844440244559,8.881155559755442,0,8109.0,8.91,9.801,8.019,72984.64976757595,3.6497675759455888,0,0.010100499874438729,0.27015350232424057
2023-11-16,9.01,8.89,9.02,8.88,92262194.0,9.065999999999999,0.10475032973200403,9.275500659464006,8.856499340535992,0,8109.0,9.0,9.9,8.1,72092.65976757595,3.6497675759455888,0,-0.012221611021503653,0.27907340232424044
2023-11-17,8.87,8.81,8.89,8.78,90336217.0,9.0465,0.11435287030671769,9.275205740613435,8.817794259386565,0,8109.0,8.89,9.779000000000002,8.001000000000001,71443.93976757595,3.6497675759455888,0,-0.00899841956298253,0.28556060232424046
2023-11-20,8.81,8.84,8.87,8.76,63952831.0,9.033,0.12213452462461209,9.277269049249224,8.788730950750775,1,8109.0,8.81,9.691,7.929,71687.20976757594,3.6497675759455888,0,0.003405047381085158,0.28312790232424057
2023-11-21,8.88,8.92,8.98,8.87,104116573.0,9.021,0.12078253620722089,9.262565072414443,8.779434927585559,0,8109.0,8.84,9.724,7.956,72335.92976757594,3.6497675759455888,0,0.009049313009995563,0.27664070232424054
2023-11-22,8.9,8.82,8.95,8.8,73748951.0,9.011500000000002,0.12889306052945132,9.269286121058904,8.753713878941099,0,8109.0,8.92,9.812000000000001,8.028,71525.02976757595,3.6497675759455888,0,-0.011210196683798967,0.2847497023242405
2023-11-23,8.81,8.81,8.82,8.74,84665587.0,9.0005,0.13640014662755093,9.273300293255103,8.727699706744898,0,8109.0,8.82,9.702000000000002,7.938000000000001,71443.93976757595,3.6497675759455888,0,-0.0011337289933818218,0.28556060232424046
2023-11-24,8.77,8.76,8.79,8.75,68469456.0,8.985,0.14540325052479242,9.275806501049583,8.694193498950415,0,8109.0,8.81,9.691,7.929,71038.48976757594,3.6497675759455888,0,-0.005675078968475633,0.2896151023242406
2023-11-27,8.76,8.69,8.76,8.65,83618785.0,8.966,0.15799400388361548,9.28198800776723,8.650011992232768,0,0.0,8.76,9.636000000000001,7.884,63915.82636077595,63915.82636077595,-1,-0.10026484839562266,0.3608417363922405
2023-11-28,8.67,8.63,8.7,8.63,78617469.0,8.9435,0.17229946390855727,9.288098927817115,8.598901072182885,0,0.0,8.69,9.559000000000001,7.821,63915.82636077595,63915.82636077595,0,0.0,0.3608417363922405
2023-11-29,8.63,8.43,8.65,8.42,146759662.0,8.9105,0.20319746683050624,9.316894933661013,8.504105066338989,0,0.0,8.63,9.493000000000002,7.767000000000001,63915.82636077595,63915.82636077595,0,0.0,0.3608417363922405
2023-11-30,8.41,8.4,8.44,8.35,90176457.0,8.876000000000001,0.22815968553905977,9.332319371078121,8.419680628921881,0,0.0,8.43,9.273,7.587,63915.82636077595,63915.82636077595,0,0.0,0.3608417363922405
2023-12-01,8.37,8.38,8.4,8.31,77805699.0,8.8405,0.2475240551840505,9.335548110368102,8.3454518896319,1,7624.0,8.4,9.240000000000002,7.5600000000000005,63890.26879610235,1.1487961023449316,1,-0.00039986285289250745,0.36109731203897655
2023-12-04,8.39,8.36,8.4,8.34,60543785.0,8.7945,0.24703451708536564,9.288569034170731,8.300430965829268,0,7624.0,8.38,9.218000000000002,7.542000000000001,63737.78879610234,1.1487961023449316,0,-0.0023865919313413864,0.36262211203897665
2023-12-05,8.34,8.23,8.35,8.22,78737848.0,8.746,0.2582002486851521,9.262400497370304,8.229599502629696,0,7624.0,8.36,9.196,7.524,62746.66879610235,1.1487961023449316,0,-0.015549958960305088,0.3725333120389765
2023-12-06,8.19,8.24,8.3,8.16,75305592.0,8.7025,0.26679136338901605,9.236082726778033,8.168917273221968,0,7624.0,8.23,9.053,7.407000000000001,62822.90879610235,1.1487961023449316,0,0.0012150445826493161,0.37177091203897655
2023-12-07,8.24,8.19,8.24,8.14,58538019.0,8.657,0.27295845066510993,9.20291690133022,8.11108309866978,0,7624.0,8.24,9.064000000000002,7.416,62441.70879610234,1.1487961023449316,0,-0.006067850204727443,0.3755829120389766
2023-12-08,8.17,8.07,8.2,8.07,102115150.0,8.6135,0.2939974042134299,9.20149480842686,8.02550519157314,0,7624.0,8.19,9.009,7.3709999999999996,61526.828796102345,1.1487961023449316,0,-0.014651745085763945,0.38473171203897655
2023-12-11,8.0,8.11,8.14,7.92,113366281.0,8.574499999999999,0.30684257921787467,9.188185158435749,7.9608148415642495,0,7624.0,8.07,8.877,7.263000000000001,61831.78879610234,1.1487961023449316,0,0.004956536944405565,0.3816821120389766
2023-12-12,8.08,8.17,8.24,8.07,85501642.0,8.5375,0.308866774209451,9.155233548418902,7.919766451581098,0,7624.0,8.11,8.921,7.2989999999999995,62289.22879610235,1.1487961023449316,0,0.0073981362808128726,0.37710771203897653
2023-12-13,8.14,7.95,8.15,7.94,106130165.0,8.485,0.315286002159819,9.115572004319638,7.8544279956803615,0,0.0,8.17,8.987,7.353,56043.60301450235,56043.60301450235,-1,-0.1002681507270613,0.43956396985497653
2023-12-14,7.99,7.94,8.05,7.94,74290056.0,8.4375,0.322537227553537,9.082574455107075,7.792425544892926,0,0.0,7.95,8.745000000000001,7.155,56043.60301450235,56043.60301450235,0,0.0,0.43956396985497653
2023-12-15,7.98,7.99,8.11,7.97,98893942.0,8.3965,0.32480398947515304,9.046107978950305,7.746892021049693,0,0.0,7.94,8.734000000000002,7.146000000000001,56043.60301450235,56043.60301450235,0,0.0,0.43956396985497653
2023-12-18,7.97,7.92,8.02,7.89,65442562.0,8.3505,0.3238335342344358,8.998167068468872,7.702832931531129,0,0.0,7.99,8.789000000000001,7.191000000000001,56043.60301450235,56043.60301450235,0,0.0,0.43956396985497653
2023-12-19,7.91,7.9,7.96,7.87,64407088.0,8.299499999999998,0.30942178673340465,8.918343573466808,7.680656426533189,0,0.0,7.92,8.712,7.128,56043.60301450235,56043.60301450235,0,0.0,0.43956396985497653
2023-12-20,7.91,7.84,7.94,7.84,71563363.0,8.250499999999999,0.3001135749924801,8.850727149984959,7.650272850015039,0,0.0,7.9,8.690000000000001,7.11,56043.60301450235,56043.60301450235,0,0.0,0.43956396985497653
2023-12-21,7.82,7.96,7.97,7.8,101704676.0,8.208,0.2759214228344333,8.759842845668867,7.656157154331133,0,0.0,7.84,8.624,7.056,56043.60301450235,56043.60301450235,0,0.0,0.43956396985497653
2023-12-22,7.97,7.98,8.05,7.91,100564502.0,8.169,0.2474480275044051,8.663896055008811,7.67410394499119,0,0.0,7.96,8.756,7.164,56043.60301450235,56043.60301450235,0,0.0,0.43956396985497653
2023-12-25,7.97,7.97,7.98,7.93,41397088.0,8.133,0.21832134693233227,8.569642693864663,7.696357306135335,0,0.0,7.98,8.778,7.182,56043.60301450235,56043.60301450235,0,0.0,0.43956396985497653
2023-12-26,7.97,7.9,7.98,7.87,54189633.0,8.0965,0.1900491626147267,8.476598325229453,7.716401674770547,0,0.0,7.97,8.767000000000001,7.173,56043.60301450235,56043.60301450235,0,0.0,0.43956396985497653
2023-12-27,7.9,7.91,7.92,7.83,64153435.0,8.0705,0.17715515055581646,8.424810301111632,7.716189698888366,0,0.0,7.9,8.690000000000001,7.11,56043.60301450235,56043.60301450235,0,0.0,0.43956396985497653
2023-12-28,7.91,8.2,8.22,7.88,166159184.0,8.060500000000001,0.16262565991623518,8.38575131983247,7.735248680167531,0,0.0,7.91,8.701,7.119000000000001,56043.60301450235,56043.60301450235,0,0.0,0.43956396985497653
2023-12-29,8.17,8.15,8.23,8.11,85385279.0,8.049,0.14613980328882484,8.341279606577649,7.756720393422349,0,0.0,8.2,9.02,7.38,56043.60301450235,56043.60301450235,0,0.0,0.43956396985497653
2024-01-02,8.15,7.99,8.17,7.99,115836645.0,8.0305,0.12684325179665412,8.284186503593308,7.7768134964066915,0,0.0,8.15,8.965000000000002,7.335000000000001,56043.60301450235,56043.60301450235,0,0.0,0.43956396985497653
2024-01-03,7.97,7.98,8.0,7.94,73361031.0,8.017999999999999,0.11817026075265132,8.254340521505302,7.781659478494697,0,0.0,7.99,8.789000000000001,7.191000000000001,56043.60301450235,56043.60301450235,0,0.0,0.43956396985497653
2024-01-04,7.97,7.91,7.97,7.88,86419399.0,8.0015,0.10815558967978237,8.217811179359565,7.785188820640435,0,0.0,7.98,8.778,7.182,56043.60301450235,56043.60301450235,0,0.0,0.43956396985497653
2024-01-05,7.9,8.04,8.19,7.87,199162216.0,7.994,0.09922860368617449,8.19245720737235,7.795542792627651,0,0.0,7.91,8.701,7.119000000000001,56043.60301450235,56043.60301450235,0,0.0,0.43956396985497653
2024-01-08,8.01,7.94,8.07,7.91,112115619.0,7.9875,0.09824111048592626,8.183982220971853,7.791017779028147,0,0.0,8.04,8.844,7.236,56043.60301450235,56043.60301450235,0,0.0,0.43956396985497653
2024-01-09,7.95,7.97,7.97,7.89,76619388.0,7.980500000000001,0.09394707356598897,8.168394147131979,7.792605852868023,0,0.0,7.94,8.734000000000002,7.146000000000001,56043.60301450235,56043.60301450235,0,0.0,0.43956396985497653
2024-01-10,7.95,7.89,7.97,7.89,85862091.0,7.966499999999999,0.08462144807150723,8.135742896143013,7.7972571038569845,0,0.0,7.97,8.767000000000001,7.173,56043.60301450235,56043.60301450235,0,0.0,0.43956396985497653
2024-01-11,7.88,7.96,8.0,7.84,93468637.0,7.9670000000000005,0.08454833559962112,8.136096671199242,7.797903328800758,0,0.0,7.89,8.679,7.101,56043.60301450235,56043.60301450235,0,0.0,0.43956396985497653
2024-01-12,7.92,7.97,8.04,7.91,77258215.0,7.968500000000001,0.08430989203392093,8.137119784067842,7.799880215932158,0,0.0,7.96,8.756,7.164,56043.60301450235,56043.60301450235,0,0.0,0.43956396985497653
2024-01-15,7.95,7.99,8.06,7.92,74513266.0,7.968500000000001,0.08430989203392093,8.137119784067842,7.799880215932158,0,0.0,7.97,8.767000000000001,7.173,56043.60301450235,56043.60301450235,0,0.0,0.43956396985497653
2024-01-16,7.97,8.11,8.11,7.95,143831258.0,7.978,0.08912439562079102,8.156248791241582,7.799751208758417,0,0.0,7.99,8.789000000000001,7.191000000000001,56043.60301450235,56043.60301450235,0,0.0,0.43956396985497653
2024-01-17,8.1,8.01,8.15,8.01,148229621.0,7.983500000000001,0.0874356906533846,8.15837138130677,7.808628618693232,0,0.0,8.11,8.921,7.2989999999999995,56043.60301450235,56043.60301450235,0,0.0,0.43956396985497653
2024-01-18,7.99,7.98,8.02,7.81,175513247.0,7.9905,0.08068620178152532,8.15187240356305,7.829127596436949,0,0.0,8.01,8.811,7.209,56043.60301450235,56043.60301450235,0,0.0,0.43956396985497653
2024-01-19,7.95,7.96,7.98,7.9,96398142.0,7.9905,0.08068620178152532,8.15187240356305,7.829127596436949,0,0.0,7.98,8.778,7.182,56043.60301450235,56043.60301450235,0,0.0,0.43956396985497653
2024-01-22,7.95,7.9,8.04,7.84,158031966.0,7.986500000000001,0.08317862832819885,8.152857256656398,7.820142743343603,0,0.0,7.96,8.756,7.164,56043.60301450235,56043.60301450235,0,0.0,0.43956396985497653
2024-01-23,7.85,7.95,7.97,7.78,113554458.0,7.9855,0.08350701199699291,8.152514023993986,7.818485976006015,0,0.0,7.9,8.690000000000001,7.11,56043.60301450235,56043.60301450235,0,0.0,0.43956396985497653
2024-01-24,8.01,8.1,8.11,7.87,175912316.0,7.9955,0.08469605098625205,8.164892101972503,7.826107898027495,0,0.0,7.95,8.745000000000001,7.155,56043.60301450235,56043.60301450235,0,0.0,0.43956396985497653
2024-01-25,8.1,8.24,8.28,8.04,216251395.0,8.012,0.09822637656284398,8.20845275312569,7.815547246874313,0,0.0,8.1,8.91,7.29,56043.60301450235,56043.60301450235,0,0.0,0.43956396985497653
2024-01-26,8.22,8.35,8.39,8.19,227228706.0,8.019499999999999,0.11722560345460846,8.253951206909216,7.785048793090782,0,0.0,8.24,9.064000000000002,7.416,56043.60301450235,56043.60301450235,0,0.0,0.43956396985497653
2024-01-29,8.41,8.42,8.57,8.31,237625184.0,8.033000000000001,0.14524389651106864,8.323487793022139,7.742512206977864,0,0.0,8.35,9.185,7.515,56043.60301450235,56043.60301450235,0,0.0,0.43956396985497653
2024-01-30,8.34,8.24,8.42,8.24,157912214.0,8.0455,0.1519513426276632,8.349402685255328,7.741597314744674,-1,0.0,8.42,9.262,7.578,56043.60301450235,56043.60301450235,0,0.0,0.43956396985497653
2024-01-31,8.21,8.21,8.3,8.14,135721747.0,8.057,0.15539762241638447,8.36779524483277,7.7462047551672315,0,0.0,8.24,9.064000000000002,7.416,56043.60301450235,56043.60301450235,0,0.0,0.43956396985497653
2024-02-01,8.17,8.17,8.23,8.11,105525987.0,8.069999999999999,0.1533142627348423,8.376628525469684,7.763371474530314,0,0.0,8.21,9.031000000000002,7.389000000000001,56043.60301450235,56043.60301450235,0,0.0,0.43956396985497653
2024-02-02,8.17,8.04,8.22,7.87,163421431.0,8.07,0.1533142627348423,8.376628525469686,7.763371474530316,0,0.0,8.17,8.987,7.353,56043.60301450235,56043.60301450235,0,0.0,0.43956396985497653
2024-02-05,7.97,8.14,8.18,7.91,180359190.0,8.08,0.1508920841285752,8.38178416825715,7.77821583174285,0,0.0,8.04,8.844,7.236,56043.60301450235,56043.60301450235,0,0.0,0.43956396985497653
2024-02-06,8.07,8.4,8.4,8.06,199540954.0,8.1015,0.16442163386928052,8.43034326773856,7.772656732261439,0,0.0,8.14,8.954,7.3260000000000005,56043.60301450235,56043.60301450235,0,0.0,0.43956396985497653
2024-02-07,8.35,8.34,8.39,8.23,206201497.0,8.124,0.16474541763463982,8.45349083526928,7.794509164730721,0,0.0,8.4,9.240000000000002,7.5600000000000005,56043.60301450235,56043.60301450235,0,0.0,0.43956396985497653
2024-02-08,8.31,8.39,8.39,8.26,165681384.0,8.1455,0.1701848839846676,8.485869767969335,7.805130232030665,0,0.0,8.34,9.174000000000001,7.506,56043.60301450235,56043.60301450235,0,0.0,0.43956396985497653
2024-02-19,8.47,8.51,8.51,8.37,160524265.0,8.172500000000001,0.18321327807555368,8.53892655615111,7.806073443848894,0,0.0,8.39,9.229000000000001,7.551000000000001,56043.60301450235,56043.60301450235,0,0.0,0.43956396985497653
2024-02-20,8.5,8.52,8.54,8.44,112356398.0,8.199,0.19346970387071305,8.585939407741426,7.8120605922585735,0,0.0,8.51,9.361,7.659,56043.60301450235,56043.60301450235,0,0.0,0.43956396985497653
2024-02-21,8.49,9.37,9.37,8.48,505528460.0,8.262,0.3240467802486316,8.910093560497264,7.613906439502737,0,0.0,8.52,9.372,7.668,56043.60301450235,56043.60301450235,0,0.0,0.43956396985497653
2024-02-22,9.24,9.46,9.47,9.22,492232512.0,8.3345,0.41432856273103785,9.163157125462076,7.505842874537924,0,0.0,9.37,10.307,8.433,56043.60301450235,56043.60301450235,0,0.0,0.43956396985497653
2024-02-23,9.44,9.42,9.75,9.41,356747950.0,8.4065,0.47075834676897843,9.348016693537957,7.464983306462043,0,0.0,9.46,10.406000000000002,8.514000000000001,56043.60301450235,56043.60301450235,0,0.0,0.43956396985497653
2024-02-26,9.35,9.14,9.44,9.11,286260888.0,8.4655,0.48556505336840444,9.436630106736809,7.494369893263191,-1,0.0,9.42,10.362,8.478,56043.60301450235,56043.60301450235,0,0.0,0.43956396985497653
2024-02-27,9.1,9.11,9.2,9.08,198190492.0,8.526,0.4867767239170317,9.499553447834064,7.552446552165937,0,0.0,9.14,10.054000000000002,8.226,56043.60301450235,56043.60301450235,0,0.0,0.43956396985497653
2024-02-28,9.12,9.1,9.29,9.02,308269265.0,8.583499999999999,0.48306341525510305,9.549626830510205,7.617373169489793,0,0.0,9.11,10.021,8.199,56043.60301450235,56043.60301450235,0,0.0,0.43956396985497653
2024-02-29,9.04,9.19,9.19,9.03,184534423.0,8.638,0.4871139497078984,9.612227899415796,7.663772100584203,0,0.0,9.1,10.01,8.19,56043.60301450235,56043.60301450235,0,0.0,0.43956396985497653
2024-03-01,9.19,9.1,9.2,9.05,182810290.0,8.681000000000001,0.48808864596077023,9.657177291921542,7.704822708078461,0,0.0,9.19,10.109,8.270999999999999,56043.60301450235,56043.60301450235,0,0.0,0.43956396985497653
2024-03-04,9.07,8.96,9.11,8.96,165592954.0,8.7115,0.4853677390446253,9.68223547808925,7.740764521910749,0,0.0,9.1,10.01,8.19,56043.60301450235,56043.60301450235,0,0.0,0.43956396985497653
2024-03-05,8.94,9.05,9.09,8.9,181731907.0,8.743,0.4858968918131832,9.714793783626366,7.771206216373634,0,0.0,8.96,9.856000000000002,8.064000000000002,56043.60301450235,56043.60301450235,0,0.0,0.43956396985497653
2024-03-06,9.02,8.96,9.07,8.96,134564016.0,8.779,0.47317405276552726,9.725348105531054,7.832651894468945,0,0.0,9.05,9.955000000000002,8.145000000000001,56043.60301450235,56043.60301450235,0,0.0,0.43956396985497653
2024-03-07,8.96,9.01,9.23,8.96,201616589.0,8.818999999999999,0.45604593489786677,9.731091869795733,7.906908130204266,0,0.0,8.96,9.856000000000002,8.064000000000002,56043.60301450235,56043.60301450235,0,0.0,0.43956396985497653
2024-03-08,8.98,9.01,9.06,8.94,111397428.0,8.861,0.4311294835417476,9.723258967083495,7.998741032916506,0,0.0,9.01,9.911000000000001,8.109,56043.60301450235,56043.60301450235,0,0.0,0.43956396985497653
2024-03-11,9.01,9.09,9.09,8.97,121067298.0,8.913499999999999,0.3876280773058309,9.68875615461166,8.138243845388338,0,0.0,9.01,9.911000000000001,8.109,56043.60301450235,56043.60301450235,0,0.0,0.43956396985497653
2024-03-12,9.09,9.16,9.19,9.03,164126237.0,8.9645,0.3452912576819805,9.65508251536396,8.273917484636039,0,0.0,9.09,9.999,8.181000000000001,56043.60301450235,56043.60301450235,0,0.0,0.43956396985497653
2024-03-13,9.14,8.96,9.16,8.94,176803911.0,8.9925,0.3187950174609371,9.630090034921874,8.354909965078125,0,0.0,9.16,10.076,8.244,56043.60301450235,56043.60301450235,0,0.0,0.43956396985497653
2024-03-14,8.94,8.88,9.01,8.85,140939973.0,9.019499999999999,0.28128417920975957,9.582068358419518,8.45693164158048,0,0.0,8.96,9.856000000000002,8.064000000000002,56043.60301450235,56043.60301450235,0,0.0,0.43956396985497653
2024-03-15,9.16,9.2,9.33,9.11,375020789.0,9.06,0.2413558194429347,9.54271163888587,8.577288361114132,0,0.0,8.88,9.768000000000002,7.992000000000001,56043.60301450235,56043.60301450235,0,0.0,0.43956396985497653
2024-03-18,9.16,9.15,9.21,9.1,167139651.0,9.092,0.20415680248285265,9.500313604965706,8.683686395034295,0,0.0,9.2,10.12,8.28,56043.60301450235,56043.60301450235,0,0.0,0.43956396985497653
2024-03-19,9.14,9.02,9.15,9.02,129321558.0,9.117,0.15516035847511847,9.427320716950238,8.806679283049764,0,0.0,9.15,10.065000000000001,8.235000000000001,56043.60301450235,56043.60301450235,0,0.0,0.43956396985497653
2024-03-20,9.01,9.07,9.09,9.0,87266316.0,9.102,0.14347565353716646,9.388951307074333,8.815048692925668,0,0.0,9.02,9.922,8.118,56043.60301450235,56043.60301450235,0,0.0,0.43956396985497653
2024-03-21,9.07,9.09,9.13,9.04,86446625.0,9.083499999999999,0.11613399701715474,9.315767994034308,8.85123200596569,0,0.0,9.07,9.977,8.163,56043.60301450235,56043.60301450235,0,0.0,0.43956396985497653
2024-03-22,9.07,8.99,9.07,8.95,102814174.0,9.062000000000001,0.08660861753660551,9.235217235073213,8.88878276492679,0,0.0,9.09,9.999,8.181000000000001,56043.60301450235,56043.60301450235,0,0.0,0.43956396985497653
2024-03-25,8.98,9.02,9.1,8.96,95320221.0,9.056000000000001,0.08506344381523355,9.226126887630468,8.885873112369534,0,0.0,8.99,9.889000000000001,8.091000000000001,56043.60301450235,56043.60301450235,0,0.0,0.43956396985497653
2024-03-26,9.07,9.2,9.25,9.04,174002146.0,9.060500000000001,0.09029046694461003,9.24108093388922,8.879919066110782,0,0.0,9.02,9.922,8.118,56043.60301450235,56043.60301450235,0,0.0,0.43956396985497653
2024-03-27,9.16,9.14,9.22,9.12,127413599.0,9.0625,0.09164433539804503,9.24578867079609,8.87921132920391,0,0.0,9.2,10.12,8.28,56043.60301450235,56043.60301450235,0,0.0,0.43956396985497653
2024-03-28,9.12,9.1,9.17,9.01,130218892.0,9.058000000000002,0.0871538265006612,9.232307653001325,8.883692346998679,0,0.0,9.14,10.054000000000002,8.226,56043.60301450235,56043.60301450235,0,0.0,0.43956396985497653
2024-03-29,9.07,9.13,9.17,9.05,87275898.0,9.0595,0.08816700659915082,9.235834013198302,8.883165986801698,0,0.0,9.1,10.01,8.19,56043.60301450235,56043.60301450235,0,0.0,0.43956396985497653
2024-04-01,9.13,9.23,9.24,9.12,119108796.0,9.073,0.09268509219832691,9.258370184396654,8.887629815603347,0,0.0,9.13,10.043000000000001,8.217,56043.60301450235,56043.60301450235,0,0.0,0.43956396985497653
2024-04-02,9.22,9.16,9.27,9.14,108545826.0,9.0785,0.09449449997930341,9.267488999958607,8.889511000041393,0,0.0,9.23,10.153,8.307,56043.60301450235,56043.60301450235,0,0.0,0.43956396985497653
2024-04-03,9.14,9.08,9.16,9.04,98184585.0,9.0845,0.09029046694460782,9.265080933889216,8.903919066110785,0,0.0,9.16,10.076,8.244,56043.60301450235,56043.60301450235,0,0.0,0.43956396985497653
2024-04-08,9.04,9.05,9.1,9.0,90636052.0,9.086500000000001,0.08898698899585802,9.264473977991717,8.908526022008285,0,0.0,9.08,9.988000000000001,8.172,56043.60301450235,56043.60301450235,0,0.0,0.43956396985497653
2024-04-09,9.05,9.02,9.09,8.99,85715673.0,9.087,0.08856160508233508,9.26412321016467,8.90987678983533,0,0.0,9.05,9.955000000000002,8.145000000000001,56043.60301450235,56043.60301450235,0,0.0,0.43956396985497653
2024-04-10,9.01,8.92,9.03,8.91,124639082.0,9.078500000000002,0.09609616893629698,9.270692337872596,8.886307662127408,0,0.0,9.02,9.922,8.118,56043.60301450235,56043.60301450235,0,0.0,0.43956396985497653
2024-04-11,8.89,8.89,8.93,8.78,101021340.0,9.065000000000001,0.10277722459163742,9.270554449183276,8.859445550816726,0,0.0,8.92,9.812000000000001,8.028,56043.60301450235,56043.60301450235,0,0.0,0.43956396985497653
2024-04-12,8.87,8.73,8.91,8.71,130545371.0,9.0535,0.125500052421973,9.304500104843946,8.802499895156053,0,0.0,8.89,9.779000000000002,8.001000000000001,56043.60301450235,56043.60301450235,0,0.0,0.43956396985497653
2024-04-15,8.74,8.93,8.96,8.73,145320260.0,9.056000000000001,0.12231968469212594,9.300639369384253,8.811360630615749,1,6273.0,8.73,9.603000000000002,7.857,56021.194177965655,3.304177965655981,1,-0.0003998464647408939,0.43978805822034345
2024-04-16,8.92,8.92,9.02,8.87,147803643.0,9.042,0.12098716765370439,9.28397433530741,8.80002566469259,0,6273.0,8.93,9.823,8.037,55958.46417796565,3.304177965655981,0,-0.0011197547806768293,0.4404153582203435
2024-04-17,8.9,9.22,9.22,8.86,223264057.0,9.0455,0.12521455271073614,9.295929105421473,8.795070894578528,0,6273.0,8.92,9.812000000000001,8.028,57840.36417796566,3.304177965655981,0,0.033630301110748384,0.4215963582203434
2024-04-18,9.18,9.37,9.57,9.16,316591426.0,9.063,0.14444448942877264,9.351888978857545,8.774111021142456,0,6273.0,9.22,10.142000000000001,8.298,58781.31417796565,3.304177965655981,0,0.01626805109844809,0.4121868582203435
2024-04-19,9.29,9.28,9.39,9.25,145767502.0,9.073500000000001,0.15239405293004002,9.378288105860081,8.768711894139921,-1,0.0,9.37,10.307,8.433,52887.64311526566,52887.64311526566,-1,-0.1002643636863303,0.4711235688473434
2024-04-22,9.23,9.11,9.38,9.07,200981837.0,9.0745,0.15257353705852494,9.37964707411705,8.76935292588295,0,0.0,9.28,10.208,8.352,52887.64311526566,52887.64311526566,0,0.0,0.4711235688473434
2024-04-23,9.12,9.15,9.24,9.08,124002700.0,9.0825,0.1521036696329582,9.386707339265916,8.778292660734083,0,0.0,9.11,10.021,8.199,52887.64311526566,52887.64311526566,0,0.0,0.4711235688473434
2024-04-24,9.13,9.14,9.17,9.08,94156774.0,9.0885,0.15187512183238394,9.392250243664767,8.784749756335232,0,0.0,9.15,10.065000000000001,8.235000000000001,52887.64311526566,52887.64311526566,0,0.0,0.4711235688473434
2024-04-25,9.11,9.21,9.22,9.09,111381224.0,9.089,0.1522774476166911,9.393554895233382,8.784445104766618,0,0.0,9.14,10.054000000000002,8.226,52887.64311526566,52887.64311526566,0,0.0,0.4711235688473434
2024-04-26,9.19,9.2,9.26,9.09,160762751.0,9.091999999999999,0.15391727101209898,9.399834542024196,8.784165457975801,0,0.0,9.21,10.131000000000002,8.289000000000001,52887.64311526566,52887.64311526566,0,0.0,0.4711235688473434
2024-04-29,9.16,9.38,9.46,9.13,216917737.0,9.106,0.16687215402665564,9.439744308053312,8.772255691946688,0,0.0,9.2,10.12,8.28,52887.64311526566,52887.64311526566,0,0.0,0.4711235688473434
2024-04-30,9.37,9.36,9.44,9.31,132455653.0,9.1175,0.176273561321812,9.470047122643624,8.764952877356375,0,0.0,9.38,10.318000000000001,8.442,52887.64311526566,52887.64311526566,0,0.0,0.4711235688473434
2024-05-06,9.51,9.45,9.64,9.41,178410057.0,9.128499999999999,0.1899937672108459,9.508487534421691,8.748512465578306,0,0.0,9.36,10.296,8.424,52887.64311526566,52887.64311526566,0,0.0,0.4711235688473434
2024-05-07,9.43,9.44,9.45,9.34,108705665.0,9.142500000000002,0.20235130993299835,9.547202619865999,8.737797380134005,0,0.0,9.45,10.395,8.504999999999999,52887.64311526566,52887.64311526566,0,0.0,0.4711235688473434
2024-05-08,9.41,9.31,9.44,9.29,122179127.0,9.154,0.2051289709837771,9.564257941967554,8.743742058032446,0,0.0,9.44,10.384,8.496,52887.64311526566,52887.64311526566,0,0.0,0.4711235688473434
2024-05-09,9.29,9.34,9.39,9.29,106946063.0,9.168499999999998,0.20762504158881628,9.58375008317763,8.753249916822366,0,0.0,9.31,10.241000000000001,8.379000000000001,52887.64311526566,52887.64311526566,0,0.0,0.4711235688473434
2024-05-10,9.35,9.49,9.51,9.34,176783561.0,9.192,0.2163476734090154,9.624695346818031,8.75930465318197,0,0.0,9.34,10.274000000000001,8.406,52887.64311526566,52887.64311526566,0,0.0,0.4711235688473434
2024-05-13,9.46,9.52,9.55,9.38,140249860.0,9.222,0.2182369547557706,9.65847390951154,8.785526090488458,0,0.0,9.49,10.439000000000002,8.541,52887.64311526566,52887.64311526566,0,0.0,0.4711235688473434
2024-05-14,9.55,9.47,9.6,9.44,107578391.0,9.251000000000001,0.21018538183437288,9.671370763668747,8.830629236331255,0,0.0,9.52,10.472,8.568,52887.64311526566,52887.64311526566,0,0.0,0.4711235688473434
2024-05-15,9.46,9.4,9.48,9.38,86829660.0,9.284500000000001,0.17285451747219294,9.630209034944388,8.938790965055615,0,0.0,9.47,10.417000000000002,8.523000000000001,52887.64311526566,52887.64311526566,0,0.0,0.4711235688473434
2024-05-16,9.42,9.69,9.73,9.4,307629165.0,9.322500000000002,0.17435218441575037,9.671204368831502,8.973795631168501,0,0.0,9.4,10.340000000000002,8.46,52887.64311526566,52887.64311526566,0,0.0,0.4711235688473434
2024-05-17,9.7,9.91,9.91,9.66,284174885.0,9.372,0.1935431408457491,9.759086281691498,8.984913718308501,0,0.0,9.69,10.659,8.721,52887.64311526566,52887.64311526566,0,0.0,0.4711235688473434
2024-05-20,9.92,9.88,10.01,9.81,217021030.0,9.405,0.2206330604611121,9.846266120922223,8.963733879077775,0,0.0,9.91,10.901000000000002,8.919,52887.64311526566,52887.64311526566,0,0.0,0.4711235688473434
2024-05-21,9.82,10.02,10.08,9.81,203004941.0,9.4375,0.25963283791988007,9.95676567583976,8.91823432416024,0,0.0,9.88,10.868000000000002,8.892000000000001,52887.64311526566,52887.64311526566,0,0.0,0.4711235688473434
2024-05-22,10.03,10.03,10.19,9.94,211553138.0,9.475,0.2882707061080158,10.05154141221603,8.898458587783969,-1,0.0,10.02,11.022,9.018,52887.64311526566,52887.64311526566,0,0.0,0.4711235688473434
2024-05-23,10.01,9.89,10.06,9.87,184162290.0,9.514,0.2890528999117317,10.092105799823463,8.935894200176536,0,0.0,10.03,11.033,9.027,52887.64311526566,52887.64311526566,0,0.0,0.4711235688473434
2024-05-24,9.87,9.81,9.97,9.81,139827584.0,9.547,0.2829189952879611,10.112837990575922,8.981162009424079,0,0.0,9.89,10.879000000000001,8.901000000000002,52887.64311526566,52887.64311526566,0,0.0,0.4711235688473434
2024-05-27,9.81,9.99,10.01,9.81,145436143.0,9.589500000000001,0.28240461827148705,10.154309236542975,9.024690763457027,0,0.0,9.81,10.791000000000002,8.829,52887.64311526566,52887.64311526566,0,0.0,0.4711235688473434
2024-05-28,9.98,9.89,10.05,9.86,120432285.0,9.6235,0.2751511546309553,10.17380230926191,9.07319769073809,0,0.0,9.99,10.989,8.991,52887.64311526566,52887.64311526566,0,0.0,0.4711235688473434
2024-05-29,9.88,9.77,9.94,9.75,144481111.0,9.652000000000001,0.25795960516086086,10.167919210321722,9.13608078967828,0,0.0,9.89,10.879000000000001,8.901000000000002,52887.64311526566,52887.64311526566,0,0.0,0.4711235688473434
2024-05-30,9.75,9.65,9.84,9.6,132549635.0,9.6655,0.2499152487923806,10.165330497584762,9.165669502415238,0,0.0,9.77,10.747,8.793,52887.64311526566,52887.64311526566,0,0.0,0.4711235688473434
2024-05-31,9.67,9.64,9.71,9.64,82670676.0,9.6795,0.23952749540009258,10.158554990800186,9.200445009199816,0,0.0,9.65,10.615000000000002,8.685,52887.64311526566,52887.64311526566,0,0.0,0.4711235688473434
2024-06-03,9.65,9.53,9.66,9.47,132669675.0,9.683499999999999,0.23613722593799966,10.155774451875997,9.211225548124,0,0.0,9.64,10.604000000000001,8.676,52887.64311526566,52887.64311526566,0,0.0,0.4711235688473434
2024-06-04,9.5,9.56,9.59,9.47,98100495.0,9.689499999999999,0.23109521847067613,10.151690436941351,9.227309563058647,0,0.0,9.53,10.483,8.577,52887.64311526566,52887.64311526566,0,0.0,0.4711235688473434
2024-06-05,9.58,9.43,9.61,9.43,101896775.0,9.695500000000001,0.22210654152789625,10.139713083055794,9.251286916944208,0,0.0,9.56,10.516000000000002,8.604000000000001,52887.64311526566,52887.64311526566,0,0.0,0.4711235688473434
2024-06-06,9.46,9.46,9.53,9.44,104933153.0,9.7015,0.2134497352392208,10.12839947047844,9.274600529521559,0,0.0,9.43,10.373000000000001,8.487,52887.64311526566,52887.64311526566,0,0.0,0.4711235688473434
2024-06-07,9.48,9.54,9.55,9.45,117012604.0,9.704,0.21112231426108558,10.126244628522171,9.28175537147783,0,0.0,9.46,10.406000000000002,8.514000000000001,52887.64311526566,52887.64311526566,0,0.0,0.4711235688473434
2024-06-11,9.53,9.43,9.56,9.36,133762854.0,9.699499999999999,0.21614992360325627,10.131799847206512,9.267200152793485,0,0.0,9.54,10.494,8.586,52887.64311526566,52887.64311526566,0,0.0,0.4711235688473434
2024-06-12,9.42,9.44,9.47,9.35,95742635.0,9.697999999999999,0.2179232119710951,10.133846423942188,9.262153576057809,0,0.0,9.43,10.373000000000001,8.487,52887.64311526566,52887.64311526566,0,0.0,0.4711235688473434
2024-06-13,9.45,9.37,9.48,9.37,120350779.0,9.696499999999999,0.22017397427347735,10.136847948546952,9.256152051453045,0,0.0,9.44,10.384,8.496,52887.64311526566,52887.64311526566,0,0.0,0.4711235688473434
2024-06-14,9.44,9.46,9.51,9.29,163799047.0,9.684999999999999,0.22644855346950385,10.137897106939006,9.232102893060992,0,0.0,9.37,10.307,8.433,52887.64311526566,52887.64311526566,0,0.0,0.4711235688473434
2024-06-17,9.42,9.39,9.45,9.37,68121702.0,9.659,0.22909202931299708,10.117184058625995,9.200815941374007,0,0.0,9.46,10.406000000000002,8.514000000000001,52887.64311526566,52887.64311526566,0,0.0,0.4711235688473434
2024-06-18,9.4,9.37,9.45,9.33,70065308.0,9.6335,0.23156845071907345,10.096636901438147,9.170363098561852,0,0.0,9.39,10.329,8.451,52887.64311526566,52887.64311526566,0,0.0,0.4711235688473434
2024-06-19,9.39,9.44,9.49,9.37,79618418.0,9.604499999999998,0.216441921224077,10.037383842448152,9.171616157551844,0,0.0,9.37,10.307,8.433,52887.64311526566,52887.64311526566,0,0.0,0.4711235688473434
2024-06-20,9.45,9.34,9.45,9.34,62962757.0,9.57,0.19936742066111313,9.968734841322227,9.171265158677773,0,0.0,9.44,10.384,8.496,52887.64311526566,52887.64311526566,0,0.0,0.4711235688473434
2024-06-21,9.34,9.3,9.38,9.25,83054528.0,9.5405,0.1930768867848756,9.92665377356975,9.154346226430249,0,0.0,9.34,10.274000000000001,8.406,52887.64311526566,52887.64311526566,0,0.0,0.4711235688473434
2024-06-24,9.27,9.28,9.36,9.19,94708154.0,9.514,0.1904951995527594,9.894990399105518,9.13300960089448,0,0.0,9.3,10.230000000000002,8.370000000000001,52887.64311526566,52887.64311526566,0,0.0,0.4711235688473434
2024-06-25,9.29,9.37,9.42,9.28,76999281.0,9.483,0.1563430775402342,9.79568615508047,9.170313844919532,0,0.0,9.28,10.208,8.352,52887.64311526566,52887.64311526566,0,0.0,0.4711235688473434
2024-06-26,9.35,9.37,9.42,9.32,62859871.0,9.456999999999999,0.12524082065329295,9.707481641306584,9.206518358693414,0,0.0,9.37,10.307,8.433,52887.64311526566,52887.64311526566,0,0.0,0.4711235688473434
2024-06-27,9.35,9.42,9.49,9.3,92888197.0,9.439499999999999,0.10138384590526422,9.642267691810527,9.23673230818947,0,0.0,9.37,10.307,8.433,52887.64311526566,52887.64311526566,0,0.0,0.4711235688473434
2024-06-28,9.39,9.44,9.54,9.38,91808992.0,9.428999999999998,0.08849026113536906,9.605980522270738,9.25201947772926,0,0.0,9.42,10.362,8.478,52887.64311526566,52887.64311526566,0,0.0,0.4711235688473434
2024-07-01,9.38,9.62,9.62,9.33,134305149.0,9.428,0.08605995462170551,9.600119909243412,9.25588009075659,0,0.0,9.44,10.384,8.496,52887.64311526566,52887.64311526566,0,0.0,0.4711235688473434
2024-07-02,9.58,9.67,9.74,9.56,138438570.0,9.434999999999999,0.09944583291534448,9.633891665830689,9.236108334169309,0,0.0,9.62,10.582,8.658,52887.64311526566,52887.64311526566,0,0.0,0.4711235688473434
2024-07-03,9.67,9.58,9.7,9.57,71306746.0,9.436,0.10085946449869444,9.637718928997389,9.234281071002611,-1,0.0,9.67,10.637,8.703,52887.64311526566,52887.64311526566,0,0.0,0.4711235688473434
2024-07-04,9.58,9.54,9.65,9.53,73504424.0,9.4415,0.10348022948734055,9.64846045897468,9.234539541025319,0,0.0,9.58,10.538,8.622,52887.64311526566,52887.64311526566,0,0.0,0.4711235688473434
2024-07-05,9.54,9.27,9.57,9.22,171335386.0,9.432,0.11019599763490974,9.65239199526982,9.21160800473018,0,0.0,9.54,10.494,8.586,52887.64311526566,52887.64311526566,0,0.0,0.4711235688473434
2024-07-08,9.24,9.23,9.32,9.16,86865962.0,9.4165,0.11586175973304495,9.64822351946609,9.184776480533909,0,0.0,9.27,10.197000000000001,8.343,52887.64311526566,52887.64311526566,0,0.0,0.4711235688473434
2024-07-09,9.24,9.36,9.39,9.21,103248530.0,9.413,0.11648808387224613,9.645976167744493,9.180023832255507,0,0.0,9.23,10.153,8.307,52887.64311526566,52887.64311526566,0,0.0,0.4711235688473434
2024-07-10,9.36,9.43,9.48,9.34,87386511.0,9.412499999999998,0.11638751063407057,9.645275021268139,9.179724978731857,0,0.0,9.36,10.296,8.424,52887.64311526566,52887.64311526566,0,0.0,0.4711235688473434
2024-07-11,9.49,9.42,9.51,9.36,72139225.0,9.415000000000001,0.11596278895003122,9.646925577900063,9.183074422099939,0,0.0,9.43,10.373000000000001,8.487,52887.64311526566,52887.64311526566,0,0.0,0.4711235688473434
2024-07-12,9.41,9.58,9.58,9.41,121416369.0,9.421,0.12139106010617448,9.663782120212348,9.17821787978765,0,0.0,9.42,10.362,8.478,52887.64311526566,52887.64311526566,0,0.0,0.4711235688473434
2024-07-15,9.58,9.6,9.62,9.54,86941247.0,9.4315,0.12749716199118227,9.686494323982364,9.176505676017635,0,0.0,9.58,10.538,8.622,52887.64311526566,52887.64311526566,0,0.0,0.4711235688473434
2024-07-16,9.6,9.58,9.64,9.52,94300811.0,9.442,0.13077099308177972,9.70354198616356,9.180458013836441,0,0.0,9.6,10.56,8.64,52887.64311526566,52887.64311526566,0,0.0,0.4711235688473434
2024-07-17,9.58,9.67,9.69,9.56,122016835.0,9.4535,0.1403482510719778,9.734196502143956,9.172803497856044,0,0.0,9.58,10.538,8.622,52887.64311526566,52887.64311526566,0,0.0,0.4711235688473434
2024-07-18,9.65,9.68,9.7,9.58,108706102.0,9.4705,0.1463404466161165,9.763180893232233,9.177819106767766,0,0.0,9.67,10.637,8.703,52887.64311526566,52887.64311526566,0,0.0,0.4711235688473434
2024-07-19,9.65,9.64,9.69,9.57,89872324.0,9.4875,0.14523574302714196,9.777971486054284,9.197028513945718,0,0.0,9.68,10.648,8.712,52887.64311526566,52887.64311526566,0,0.0,0.4711235688473434
2024-07-22,9.63,9.51,9.65,9.47,99448087.0,9.498999999999999,0.1368018159313659,9.772603631862731,9.225396368137266,0,0.0,9.64,10.604000000000001,8.676,52887.64311526566,52887.64311526566,0,0.0,0.4711235688473434
2024-07-23,9.53,9.46,9.6,9.45,102015363.0,9.503499999999999,0.13378203010479864,9.771064060209596,9.235935939790402,0,0.0,9.51,10.461,8.559,52887.64311526566,52887.64311526566,0,0.0,0.4711235688473434
2024-07-24,9.46,9.42,9.52,9.41,72451757.0,9.505999999999998,0.13160547101094916,9.769210942021896,9.2427890579781,0,0.0,9.46,10.406000000000002,8.514000000000001,52887.64311526566,52887.64311526566,0,0.0,0.4711235688473434
2024-07-25,9.41,9.38,9.44,9.3,85640443.0,9.504,0.133274548444824,9.770549096889647,9.237450903110352,0,0.0,9.42,10.362,8.478,52887.64311526566,52887.64311526566,0,0.0,0.4711235688473434
2024-07-26,9.39,9.32,9.41,9.27,92955195.0,9.498000000000001,0.13889033917376517,9.775780678347532,9.22021932165247,0,0.0,9.38,10.318000000000001,8.442,52887.64311526566,52887.64311526566,0,0.0,0.4711235688473434
2024-07-29,9.32,9.4,9.43,9.27,78155243.0,9.487,0.13742366302027167,9.761847326040543,9.212152673959457,0,0.0,9.32,10.252,8.388,52887.64311526566,52887.64311526566,0,0.0,0.4711235688473434
2024-07-30,9.39,9.37,9.42,9.32,61326795.0,9.472,0.13268879300637512,9.73737758601275,9.20662241398725,0,0.0,9.4,10.340000000000002,8.46,52887.64311526566,52887.64311526566,0,0.0,0.4711235688473434
2024-07-31,9.37,9.55,9.56,9.36,109690634.0,9.4705,0.13156847326738186,9.733636946534762,9.207363053465237,0,0.0,9.37,10.307,8.433,52887.64311526566,52887.64311526566,0,0.0,0.4711235688473434
2024-08-01,9.53,9.55,9.59,9.45,73388377.0,9.471,0.13186516239191687,9.734730324783834,9.207269675216166,0,0.0,9.55,10.505,8.595,52887.64311526566,52887.64311526566,0,0.0,0.4711235688473434
2024-08-02,9.5,9.43,9.53,9.42,59022876.0,9.479,0.1236250698473071,9.726250139694613,9.231749860305385,0,0.0,9.55,10.505,8.595,52887.64311526566,52887.64311526566,0,0.0,0.4711235688473434
2024-08-05,9.4,9.34,9.5,9.34,75897852.0,9.4845,0.11403946685255292,9.712578933705107,9.256421066294894,0,0.0,9.43,10.373000000000001,8.487,52887.64311526566,52887.64311526566,0,0.0,0.4711235688473434
2024-08-06,9.36,9.23,9.41,9.19,126553691.0,9.478,0.12471441059693575,9.727428821193872,9.228571178806128,0,0.0,9.34,10.274000000000001,8.406,52887.64311526566,52887.64311526566,0,0.0,0.4711235688473434
2024-08-07,9.25,9.23,9.28,9.21,51760842.0,9.468,0.1362505432148105,9.74050108642962,9.195498913570379,0,0.0,9.23,10.153,8.307,52887.64311526566,52887.64311526566,0,0.0,0.4711235688473434
2024-08-08,9.22,9.24,9.28,9.2,50041067.0,9.459,0.14523664899240074,9.749473297984801,9.168526702015198,0,0.0,9.23,10.153,8.307,52887.64311526566,52887.64311526566,0,0.0,0.4711235688473434
2024-08-09,9.26,9.33,9.39,9.24,73027396.0,9.4465,0.14503266419750593,9.736565328395013,9.156434671604988,0,0.0,9.24,10.164000000000001,8.316,52887.64311526566,52887.64311526566,0,0.0,0.4711235688473434
2024-08-12,9.32,9.31,9.34,9.28,35301346.0,9.431999999999999,0.1433655614523337,9.718731122904666,9.145268877095331,0,0.0,9.33,10.263000000000002,8.397,52887.64311526566,52887.64311526566,0,0.0,0.4711235688473434
2024-08-13,9.32,9.25,9.32,9.22,62207720.0,9.4155,0.14442171436098025,9.70434342872196,9.126656571278039,0,0.0,9.31,10.241000000000001,8.379000000000001,52887.64311526566,52887.64311526566,0,0.0,0.4711235688473434
2024-08-14,9.24,9.22,9.28,9.21,43638038.0,9.392999999999999,0.1375767728254692,9.668153545650938,9.11784645434906,0,0.0,9.25,10.175,8.325000000000001,52887.64311526566,52887.64311526566,0,0.0,0.4711235688473434
2024-08-15,9.22,9.32,9.35,9.18,77624747.0,9.375,0.12054699891489344,9.616093997829786,9.133906002170214,0,0.0,9.22,10.142000000000001,8.298,52887.64311526566,52887.64311526566,0,0.0,0.4711235688473434
2024-08-16,9.37,9.42,9.49,9.34,126036761.0,9.364,0.10399392694828193,9.571987853896564,9.156012146103437,0,0.0,9.32,10.252,8.388,52887.64311526566,52887.64311526566,0,0.0,0.4711235688473434
2024-08-19,9.42,9.57,9.58,9.41,148298526.0,9.367,0.1091642895148518,9.585328579029705,9.148671420970297,0,0.0,9.42,10.362,8.478,52887.64311526566,52887.64311526566,0,0.0,0.4711235688473434
2024-08-20,9.59,9.61,9.7,9.56,156918665.0,9.374500000000001,0.12045855369343282,9.615417107386866,9.133582892613136,0,0.0,9.57,10.527000000000001,8.613000000000001,52887.64311526566,52887.64311526566,0,0.0,0.4711235688473434
2024-08-21,9.58,9.62,9.65,9.49,103488781.0,9.3845,0.13216715891156672,9.648834317823132,9.120165682176866,0,0.0,9.61,10.571,8.649,52887.64311526566,52887.64311526566,0,0.0,0.4711235688473434
2024-08-22,9.61,9.65,9.72,9.59,110903039.0,9.398,0.14486291160235834,9.687725823204717,9.108274176795282,0,0.0,9.62,10.582,8.658,52887.64311526566,52887.64311526566,0,0.0,0.4711235688473434
2024-08-23,9.66,9.73,9.76,9.59,107190571.0,9.4185,0.16131939551225133,9.741138791024502,9.095861208975498,0,0.0,9.65,10.615000000000002,8.685,52887.64311526566,52887.64311526566,0,0.0,0.4711235688473434
2024-08-26,9.76,9.75,9.81,9.69,74067524.0,9.436000000000002,0.177390440613549,9.7907808812271,9.081219118772903,0,0.0,9.73,10.703000000000001,8.757000000000001,52887.64311526566,52887.64311526566,0,0.0,0.4711235688473434
2024-08-27,9.73,9.7,9.78,9.64,72313658.0,9.4525,0.18606379777409943,9.824627595548199,9.080372404451802,0,0.0,9.75,10.725000000000001,8.775,52887.64311526566,52887.64311526566,0,0.0,0.4711235688473434
2024-08-28,9.68,9.6,9.7,9.56,94254754.0,9.455,0.18777085699558838,9.830541713991177,9.079458286008823,0,0.0,9.7,10.67,8.73,52887.64311526566,52887.64311526566,0,0.0,0.4711235688473434
2024-08-29,9.58,9.42,9.65,9.4,119767631.0,9.4485,0.18655533960961276,9.821610679219225,9.075389320780774,0,0.0,9.6,10.56,8.64,52887.64311526566,52887.64311526566,0,0.0,0.4711235688473434
2024-08-30,9.4,9.45,9.54,9.4,129405908.0,9.4495,0.186504550530106,9.822509101060213,9.076490898939788,0,0.0,9.42,10.362,8.478,52887.64311526566,52887.64311526566,0,0.0,0.4711235688473434
2024-09-02,9.41,9.4,9.49,9.38,96883550.0,9.4525,0.185127978493442,9.822755956986885,9.082244043013116,0,0.0,9.45,10.395,8.504999999999999,52887.64311526566,52887.64311526566,0,0.0,0.4711235688473434
2024-09-03,9.4,9.37,9.42,9.3,91658122.0,9.4595,0.17881113235100052,9.817122264702002,9.101877735297998,0,0.0,9.4,10.340000000000002,8.46,52887.64311526566,52887.64311526566,0,0.0,0.4711235688473434
2024-09-04,9.34,9.32,9.44,9.3,84799233.0,9.464,0.17379358597580943,9.811587171951619,9.116412828048382,0,0.0,9.37,10.307,8.433,52887.64311526566,52887.64311526566,0,0.0,0.4711235688473434
2024-09-05,9.32,9.36,9.37,9.28,59420876.0,9.469999999999999,0.16761484672343413,9.805229693446867,9.134770306553131,0,0.0,9.32,10.252,8.388,52887.64311526566,52887.64311526566,0,0.0,0.4711235688473434
2024-09-06,9.35,9.37,9.49,9.34,87886543.0,9.472,0.16608811865365244,9.804176237307304,9.139823762692695,0,0.0,9.36,10.296,8.424,52887.64311526566,52887.64311526566,0,0.0,0.4711235688473434
2024-09-09,9.34,9.16,9.36,9.15,163917451.0,9.4645,0.17682804612038255,9.818156092240764,9.110843907759234,0,0.0,9.37,10.307,8.433,52887.64311526566,52887.64311526566,0,0.0,0.4711235688473434
2024-09-10,9.17,9.2,9.22,9.09,76790114.0,9.462,0.18033886232083565,9.822677724641672,9.101322275358328,0,0.0,9.16,10.076,8.244,52887.64311526566,52887.64311526566,0,0.0,0.4711235688473434
2024-09-11,9.19,8.97,9.19,8.95,110872704.0,9.4495,0.20497689215081147,9.859453784301623,9.039546215698378,0,0.0,9.2,10.12,8.28,52887.64311526566,52887.64311526566,0,0.0,0.4711235688473434
2024-09-12,8.97,9.06,9.08,8.93,58183405.0,9.4365,0.22122327373520567,9.878946547470411,8.99405345252959,1,5835.0,8.97,9.867,8.073,52866.49548931266,1.3954893126574461,1,-0.0003998594890475271,0.47133504510687335
2024-09-13,9.05,9.02,9.13,9.02,56646190.0,9.4165,0.24007180943256934,9.896643618865138,8.93635638113486,0,5835.0,9.06,9.966000000000001,8.154,52633.095489312655,1.3954893126574461,0,-0.004414894496783783,0.47366904510687347
2024-09-18,9.04,9.08,9.09,8.98,44361099.0,9.392,0.24843933920210043,9.8888786784042,8.895121321595798,0,5835.0,9.02,9.922,8.118,52983.19548931266,1.3954893126574461,0,0.0066517083357009454,0.4701680451068734
2024-09-19,9.1,9.12,9.15,9.0,68429311.0,9.3675,0.24996578713268267,9.867431574265366,8.867568425734634,0,5835.0,9.08,9.988000000000001,8.172,53216.595489312655,1.3954893126574461,0,0.00440517031569132,0.46783404510687343
2024-09-20,9.12,9.2,9.2,9.09,79729714.0,9.3465,0.245234045030713,9.836968090061427,8.856031909938574,0,5835.0,9.12,10.032,8.208,53683.39548931265,1.3954893126574461,0,0.008771699799806632,0.4631660451068735
2024-09-23,9.19,9.33,9.38,9.18,89690755.0,9.3305,0.2345987616066838,9.799697523213368,8.861302476786634,0,5835.0,9.2,10.12,8.28,54441.94548931266,1.3954893126574461,0,0.014130067464734442,0.4555805451068734
2024-09-24,9.4,9.64,9.64,9.37,163821319.0,9.325999999999999,0.22728141610189911,9.780562832203797,8.8714371677962,0,5835.0,9.33,10.263000000000002,8.397,56250.79548931266,1.3954893126574461,0,0.03322530052411676,0.4374920451068734
2024-09-25,9.78,9.76,9.95,9.72,216069398.0,9.3265,0.22827211370370734,9.783044227407414,8.869955772592585,0,5835.0,9.64,10.604000000000001,8.676,56950.995489312656,1.3954893126574461,0,0.012447823962472349,0.43049004510687344
2024-09-26,9.76,10.37,10.37,9.76,308645720.0,9.36,0.3176393187911805,9.995278637582361,8.724721362417638,0,0.0,9.76,10.736,8.784,51240.659097312666,51240.659097312666,-1,-0.10026754305061414,0.4875934090268733
2024-09-27,10.55,10.62,10.75,10.25,384001637.0,9.411,0.4227093066100561,10.256418613220111,8.565581386779888,0,0.0,10.37,11.407,9.333,51240.659097312666,51240.659097312666,0,0.0,0.4875934090268733
2024-09-30,10.8,11.35,11.44,10.75,543028364.0,9.507499999999999,0.6056043088910299,10.718708617782058,8.29629138221794,0,0.0,10.62,11.682,9.558,51240.659097312666,51240.659097312666,0,0.0,0.4875934090268733
2024-10-08,12.49,11.97,12.49,11.47,588897778.0,9.6335,0.8179388408484032,11.269377681696806,7.997622318303193,0,0.0,11.35,12.485000000000001,10.215,51240.659097312666,51240.659097312666,0,0.0,0.4875934090268733
2024-10-09,11.74,10.86,11.74,10.84,426934506.0,9.7065,0.8600689996799862,11.426637999359972,7.986362000640028,-1,0.0,11.97,13.167000000000002,10.773000000000001,51240.659097312666,51240.659097312666,0,0.0,0.4875934090268733
2024-10-10,11.04,11.38,11.64,11.02,342642168.0,9.806999999999999,0.9330205616282283,11.673041123256455,7.940958876743542,0,0.0,10.86,11.946,9.774,51240.659097312666,51240.659097312666,0,0.0,0.4875934090268733
2024-10-11,11.4,11.13,11.56,11.0,207089057.0,9.897499999999999,0.9703329596749652,11.83816591934993,7.956834080650069,0,0.0,11.38,12.518000000000002,10.242,51240.659097312666,51240.659097312666,0,0.0,0.4875934090268733
2024-10-14,11.38,11.42,11.57,11.2,240059509.0,10.0005,1.018417115455463,12.037334230910927,7.963665769089074,0,0.0,11.13,12.243000000000002,10.017000000000001,51240.659097312666,51240.659097312666,0,0.0,0.4875934090268733
2024-10-15,11.34,11.3,11.61,11.28,207284077.0,10.097,1.0465788878154592,12.190157775630919,8.00384222436908,0,0.0,11.42,12.562000000000001,10.278,51240.659097312666,51240.659097312666,0,0.0,0.4875934090268733
2024-10-16,11.21,11.45,11.57,11.18,191449353.0,10.211500000000001,1.0637979378770976,12.339095875754197,8.083904124245805,0,0.0,11.3,12.430000000000001,10.170000000000002,51240.659097312666,51240.659097312666,0,0.0,0.4875934090268733
2024-10-17,11.46,11.35,11.61,11.33,165370809.0,10.318999999999999,1.064834555965822,12.448669111931643,8.189330888068355,0,0.0,11.45,12.595,10.305,51240.659097312666,51240.659097312666,0,0.0,0.4875934090268733
2024-10-18,11.31,11.43,11.57,11.09,260465416.0,10.442,1.0426565261767293,12.52731305235346,8.35668694764654,0,0.0,11.35,12.485000000000001,10.215,51240.659097312666,51240.659097312666,0,0.0,0.4875934090268733
2024-10-21,11.34,11.22,11.34,11.04,280665467.0,10.55,1.0030899629067092,12.556179925813419,8.543820074186582,0,0.0,11.43,12.573,10.287,51240.659097312666,51240.659097312666,0,0.0,0.4875934090268733
2024-10-22,11.17,11.2,11.33,11.13,161778713.0,10.659,0.9448358253379648,12.54867165067593,8.769328349324072,0,0.0,11.22,12.342000000000002,10.098,51240.659097312666,51240.659097312666,0,0.0,0.4875934090268733
2024-10-23,11.23,11.26,11.29,11.16,151186604.0,10.767999999999999,0.8763536897130334,12.520707379426065,9.015292620573932,0,0.0,11.2,12.32,10.08,51240.659097312666,51240.659097312666,0,0.0,0.4875934090268733
2024-10-24,11.22,11.16,11.26,11.13,88529942.0,10.87,0.7887898792987709,12.447579758597541,9.292420241402457,0,0.0,11.26,12.386000000000001,10.134,51240.659097312666,51240.659097312666,0,0.0,0.4875934090268733
2024-10-25,11.18,11.12,11.19,11.1,110575468.0,10.966,0.6848311355439974,12.335662271087994,9.596337728912005,0,0.0,11.16,12.276000000000002,10.044,51240.659097312666,51240.659097312666,0,0.0,0.4875934090268733
2024-10-28,11.09,11.05,11.09,10.95,116948698.0,11.052,0.5663140285630575,12.184628057126115,9.919371942873884,0,0.0,11.12,12.232,10.008,51240.659097312666,51240.659097312666,0,0.0,0.4875934090268733
2024-10-29,11.04,10.96,11.15,10.95,119802482.0,11.118,0.4600411880873172,12.038082376174636,10.197917623825365,0,0.0,11.05,12.155000000000001,9.945,51240.659097312666,51240.659097312666,0,0.0,0.4875934090268733
2024-10-30,10.92,10.75,11.0,10.7,148240279.0,11.1675,0.34514489710836826,11.857789794216737,10.477210205783264,0,0.0,10.96,12.056000000000003,9.864,51240.659097312666,51240.659097312666,0,0.0,0.4875934090268733
2024-10-31,10.76,10.81,10.86,10.67,125020539.0,11.1895,0.3030976045677068,11.795695209135415,10.583304790864586,0,0.0,10.75,11.825000000000001,9.675,51240.659097312666,51240.659097312666,0,0.0,0.4875934090268733
2024-11-01,10.81,10.85,10.97,10.77,158981111.0,11.201,0.28412191601113657,11.769243832022273,10.632756167977728,0,0.0,10.81,11.891000000000002,9.729000000000001,51240.659097312666,51240.659097312666,0,0.0,0.4875934090268733
2024-11-04,10.85,10.88,10.88,10.69,113151611.0,11.1775,0.29051451635068426,11.758529032701368,10.596470967298632,0,0.0,10.85,11.935,9.765,51240.659097312666,51240.659097312666,0,0.0,0.4875934090268733
2024-11-05,10.85,11.06,11.07,10.82,166541840.0,11.132000000000001,0.22336187301269028,11.578723746025382,10.68527625397462,0,0.0,10.88,11.968000000000002,9.792000000000002,51240.659097312666,51240.659097312666,0,0.0,0.4875934090268733
2024-11-06,11.04,10.97,11.05,10.89,146228636.0,11.1375,0.2175914810637732,11.572682962127546,10.702317037872453,0,0.0,11.06,12.166000000000002,9.954,51240.659097312666,51240.659097312666,0,0.0,0.4875934090268733
2024-11-07,10.92,11.31,11.33,10.9,224284379.0,11.134,0.21401918261282882,11.562038365225657,10.705961634774344,0,0.0,10.97,12.067000000000002,9.873000000000001,51240.659097312666,51240.659097312666,0,0.0,0.4875934090268733
2024-11-08,11.34,11.13,11.41,11.11,189510415.0,11.134,0.21401918261282882,11.562038365225657,10.705961634774344,0,0.0,11.31,12.441,10.179,51240.659097312666,51240.659097312666,0,0.0,0.4875934090268733
2024-11-11,11.04,11.02,11.09,10.89,148695164.0,11.114,0.20435778738062943,11.522715574761259,10.705284425238743,0,0.0,11.13,12.243000000000002,10.017000000000001,51240.659097312666,51240.659097312666,0,0.0,0.4875934090268733
2024-11-12,11.0,10.96,11.24,10.93,171766255.0,11.097,0.20220104638167494,11.50140209276335,10.69259790723665,0,0.0,11.02,12.122,9.918,51240.659097312666,51240.659097312666,0,0.0,0.4875934090268733
2024-11-13,10.92,11.03,11.11,10.9,108626328.0,11.075999999999999,0.18465900294426935,11.445318005888538,10.70668199411146,0,0.0,10.96,12.056000000000003,9.864,51240.659097312666,51240.659097312666,0,0.0,0.4875934090268733
2024-11-14,11.01,10.96,11.11,10.95,115978311.0,11.0565,0.17451511772835343,11.405530235456707,10.707469764543292,0,0.0,11.03,12.133000000000001,9.927,51240.659097312666,51240.659097312666,0,0.0,0.4875934090268733
2024-11-15,10.92,10.86,11.03,10.85,121578351.0,11.028,0.1558541828625155,11.33970836572503,10.71629163427497,0,0.0,10.96,12.056000000000003,9.864,51240.659097312666,51240.659097312666,0,0.0,0.4875934090268733
2024-11-18,11.04,11.16,11.43,11.04,379732445.0,11.025,0.15250539248431574,11.330010784968632,10.719989215031369,0,0.0,10.86,11.946,9.774,51240.659097312666,51240.659097312666,0,0.0,0.4875934090268733
2024-11-19,11.16,11.09,11.36,10.97,243003665.0,11.0195,0.14777205062975124,11.315044101259502,10.723955898740499,0,0.0,11.16,12.276000000000002,10.044,51240.659097312666,51240.659097312666,0,0.0,0.4875934090268733
2024-11-20,11.08,11.05,11.16,11.03,128657248.0,11.009,0.13684028338851312,11.282680566777026,10.735319433222974,0,0.0,11.09,12.199000000000002,9.981,51240.659097312666,51240.659097312666,0,0.0,0.4875934090268733
2024-11-21,11.04,11.01,11.06,10.98,88340806.0,11.001500000000002,0.13215919427543873,11.26581838855088,10.737181611449124,0,0.0,11.05,12.155000000000001,9.945,51240.659097312666,51240.659097312666,0,0.0,0.4875934090268733
2024-11-22,11.01,10.71,11.03,10.71,162531744.0,10.981,0.14407235024534845,11.269144700490697,10.692855299509302,0,0.0,11.01,12.111,9.909,51240.659097312666,51240.659097312666,0,0.0,0.4875934090268733
2024-11-25,10.71,10.62,10.77,10.58,116602032.0,10.9595,0.16394719945910205,11.287394398918204,10.631605601081796,0,0.0,10.71,11.781000000000002,9.639000000000001,51240.659097312666,51240.659097312666,0,0.0,0.4875934090268733
2024-11-26,10.62,10.7,10.74,10.58,83107820.0,10.9465,0.17391089672575705,11.294321793451514,10.598678206548486,1,4786.0,10.62,11.682,9.558,51220.17348100667,9.973481006672955,1,-0.0003997922092900952,0.4877982651899333
2024-11-27,10.67,10.82,10.82,10.59,89517805.0,10.95,0.17041744412798432,11.290834888255969,10.60916511174403,0,4786.0,10.7,11.77,9.629999999999999,51794.49348100668,9.973481006672955,0,0.011212769519669319,0.48205506518993324
2024-11-28,10.82,10.77,10.85,10.75,73316854.0,10.947999999999999,0.1723704700559968,11.292740940111992,10.603259059888005,0,4786.0,10.82,11.902000000000001,9.738000000000001,51555.193481006674,9.973481006672955,0,-0.004620182261030448,0.4844480651899333
2024-11-29,10.8,10.81,10.88,10.77,102848758.0,10.946,0.17379358597564162,11.293587171951282,10.598412828048717,0,4786.0,10.77,11.847000000000001,9.693,51746.63348100668,9.973481006672955,0,0.0037133019405799494,0.48253366518993324
2024-12-02,10.82,10.82,10.83,10.74,97543366.0,10.943000000000001,0.17550228668463563,11.294004573369273,10.59199542663073,0,4786.0,10.81,11.891000000000002,9.729000000000001,51794.49348100668,9.973481006672955,0,0.0009248910852832637,0.48205506518993324
2024-12-03,10.8,10.91,10.92,10.78,108255936.0,10.935500000000001,0.1734320737651596,11.28236414753032,10.588635852469682,0,4786.0,10.82,11.902000000000001,9.738000000000001,52225.233481006675,9.973481006672955,0,0.008316328069854606,0.4777476651899332
2024-12-04,10.86,10.88,10.95,10.8,100747059.0,10.931000000000001,0.17365725468641038,11.278314509372821,10.58368549062718,0,4786.0,10.91,12.001000000000001,9.819,52081.65348100667,9.973481006672955,0,-0.00274924572720614,0.47918346518993327
2024-12-05,10.86,10.86,10.92,10.84,68710883.0,10.9085,0.14942961729949808,11.207359234598997,10.609640765401004,0,4786.0,10.88,11.968000000000002,9.792000000000002,51985.93348100667,9.973481006672955,0,-0.001837883277551966,0.48014066518993326
2024-12-06,10.86,11.07,11.11,10.85,172626927.0,10.9055,0.1452937134147707,11.196087426829541,10.614912573170459,0,4786.0,10.86,11.946,9.774,52990.99348100668,9.973481006672955,0,0.01933330677551859,0.47009006518993324
2024-12-09,11.04,11.08,11.13,11.01,96406316.0,10.9085,0.14836920520306845,11.205238410406137,10.611761589593863,0,4786.0,11.07,12.177000000000001,9.963000000000001,53038.85348100667,9.973481006672955,0,0.0009031723479038245,0.4696114651899333
2024-12-10,11.3,11.2,11.35,11.16,216780724.0,10.9205,0.16184706881549818,11.244194137630997,10.596805862369004,0,4786.0,11.08,12.188,9.972,53613.17348100667,9.973481006672955,0,0.010828288364220784,0.4638682651899333
2024-12-11,11.2,11.14,11.23,11.13,96769145.0,10.926,0.16753318602894915,11.261066372057899,10.590933627942102,0,4786.0,11.2,12.32,10.08,53326.013481006674,9.973481006672955,0,-0.005356146285608876,0.46673986518993327
2024-12-12,11.14,11.25,11.27,11.12,98623459.0,10.9405,0.1825109946218362,11.305521989243672,10.575478010756328,0,4786.0,11.14,12.254000000000001,10.026000000000002,53852.47348100667,9.973481006672955,0,0.009872479970540304,0.46147526518993326
2024-12-13,11.2,10.98,11.21,10.98,134379289.0,10.946499999999999,0.18169595772220276,11.309891915444403,10.583108084555594,0,4786.0,11.25,12.375000000000002,10.125,52560.25348100667,9.973481006672955,0,-0.02399555519869956,0.4743974651899333
2024-12-16,10.98,10.99,11.07,10.95,80571778.0,10.937999999999999,0.17503683822784105,11.288073676455681,10.587926323544316,0,4786.0,10.98,12.078000000000001,9.882000000000001,52608.11348100667,9.973481006672955,0,0.0009105739951824621,0.47391886518993326
2024-12-17,10.99,10.95,11.06,10.94,80211995.0,10.931000000000001,0.171399809617163,11.273799619234326,10.588200380765675,0,4786.0,10.99,12.089,9.891,52416.67348100667,9.973481006672955,0,-0.003638982417970893,0.4758332651899333
2024-12-18,11.0,11.06,11.15,10.99,101658966.0,10.9315,0.17177938728117073,11.275058774562341,10.587941225437659,0,4786.0,10.95,12.045,9.855,52943.13348100668,9.973481006672955,0,0.010043750681560715,0.47056866518993323
2024-12-19,11.01,11.01,11.05,10.96,69737904.0,10.9315,0.17177938728117073,11.275058774562341,10.587941225437659,0,4786.0,11.06,12.166000000000002,9.954,52703.83348100667,9.973481006672955,0,-0.004519944027979617,0.47296166518993327
2024-12-20,11.01,11.04,11.11,11.0,71464627.0,10.948,0.1651028387653524,11.278205677530705,10.617794322469296,0,4786.0,11.01,12.111,9.909,52847.41348100667,9.973481006672955,0,0.002724280009949176,0.47152586518993334
2024-12-23,11.05,11.14,11.24,11.05,165940476.0,10.974,0.15108032022024093,11.276160640440482,10.671839359559518,0,4786.0,11.04,12.144,9.936,53326.013481006674,9.973481006672955,0,0.009056261574126312,0.46673986518993327
2024-12-24,11.13,11.26,11.27,11.13,135083691.0,11.002,0.14951148521261148,11.301022970425224,10.702977029574777,0,4786.0,11.14,12.254000000000001,10.026000000000002,53900.33348100667,9.973481006672955,0,0.010769978149680393,0.46099666518993326
2024-12-25,11.26,11.32,11.42,11.24,147528294.0,11.027,0.1589803033147782,11.344960606629556,10.709039393370443,0,4786.0,11.26,12.386000000000001,10.134,54187.49348100668,9.973481006672955,0,0.005327610822689843,0.45812506518993323
2024-12-26,11.32,11.26,11.33,11.19,100007470.0,11.0515,0.15499660437691423,11.36149320875383,10.741506791246172,0,4786.0,11.32,12.452000000000002,10.188,53900.33348100667,9.973481006672955,0,-0.0052993778001682035,0.46099666518993326
2024-12-27,11.27,11.23,11.3,11.07,129001228.0,11.072500000000002,0.14888621582641454,11.37027243165283,10.774727568347172,0,4786.0,11.26,12.386000000000001,10.134,53756.75348100667,9.973481006672955,0,-0.0026638054113449217,0.4624324651899333
2024-12-30,11.19,11.35,11.37,11.19,135184636.0,11.099,0.14874563239922522,11.39649126479845,10.80150873520155,0,4786.0,11.23,12.353000000000002,10.107000000000001,54331.07348100667,9.973481006672955,0,0.010683680892353609,0.4566892651899333
2024-12-31,11.33,11.11,11.39,11.11,147536733.0,11.108999999999998,0.14193771799428076,11.39287543598856,10.825124564011437,0,4786.0,11.35,12.485000000000001,10.215,53182.43348100667,9.973481006672955,0,-0.021141492821811214,0.46817566518993325
