date,open,close,high,low,volume,short_ma,long_ma,signal,position,prev_close,limit_up,limit_down,portfolio,cash,trade_executed,returns,max_drawdown
2023-01-03,1567.99,1566.91,1574.54,1545.18,2603380.0,,,0,0.0,,,,100000.0,100000.0,0,0.0,0.0
2023-01-04,1566.91,1562.39,1574.78,1554.22,2041575.0,,,0,0.0,1566.91,1723.6010000000003,1410.219,100000.0,100000.0,0,0.0,0.0
2023-01-05,1573.25,1631.21,1631.21,1569.62,4794285.0,,,0,0.0,1562.39,1718.6290000000004,1406.151,100000.0,100000.0,0,0.0,0.0
2023-01-06,1635.85,1633.72,1641.08,1618.53,2490375.0,,,0,0.0,1631.21,1794.3310000000001,1468.0890000000002,100000.0,100000.0,0,0.0,0.0
2023-01-09,1662.01,1667.62,1675.57,1637.39,3097723.0,1612.3700000000001,,0,0.0,1633.72,1797.092,1470.348,100000.0,100000.0,0,0.0,0.0
2023-01-10,1665.68,1679.62,1688.73,1657.93,2273173.0,1634.912,,0,0.0,1667.62,1834.382,1500.858,100000.0,100000.0,0,0.0,0.0
2023-01-11,1681.03,1671.02,1684.65,1663.67,2272031.0,1656.6380000000001,,0,0.0,1679.62,1847.582,1511.658,100000.0,100000.0,0,0.0,0.0
2023-01-12,1673.78,1661.1,1681.03,1660.19,1719317.0,1662.616,,0,0.0,1671.02,1838.122,1503.9180000000001,100000.0,100000.0,0,0.0,0.0
2023-01-13,1670.32,1709.1,1710.01,1666.53,3193965.0,1677.6919999999998,,0,0.0,1661.1,1827.21,1494.99,100000.0,100000.0,0,0.0,0.0
2023-01-16,1708.2,1732.56,1752.58,1703.67,3684826.0,1690.6799999999998,,0,0.0,1709.1,1880.01,1538.19,100000.0,100000.0,0,0.0,0.0
2023-01-17,1732.8,1728.12,1741.71,1716.35,2129923.0,1700.3799999999999,,0,0.0,1732.56,1905.816,1559.304,100000.0,100000.0,0,0.0,0.0
2023-01-18,1733.56,1714.54,1743.79,1711.82,2106293.0,1709.084,,0,0.0,1728.12,1900.932,1555.308,100000.0,100000.0,0,0.0,0.0
2023-01-19,1714.09,1702.95,1714.1,1690.08,2343889.0,1717.4540000000002,,0,0.0,1714.54,1885.9940000000001,1543.086,100000.0,100000.0,0,0.0,0.0
2023-01-20,1711.09,1684.66,1719.29,1682.84,2560875.0,1712.566,,0,0.0,1702.95,1873.2450000000001,1532.655,100000.0,100000.0,0,0.0,0.0
2023-01-30,1729.03,1710.01,1729.03,1702.76,3592255.0,1708.0559999999998,,0,0.0,1684.66,1853.1260000000002,1516.1940000000002,100000.0,100000.0,0,0.0,0.0
2023-01-31,1717.71,1671.75,1720.83,1660.26,3299068.0,1696.782,,0,0.0,1710.01,1881.0110000000002,1539.009,100000.0,100000.0,0,0.0,0.0
2023-02-01,1680.1,1671.04,1683.74,1640.63,3397389.0,1688.0819999999999,,0,0.0,1671.75,1838.9250000000002,1504.575,100000.0,100000.0,0,0.0,0.0
2023-02-02,1674.12,1663.01,1683.74,1653.85,2975886.0,1680.0939999999998,,0,0.0,1671.04,1838.144,1503.936,100000.0,100000.0,0,0.0,0.0
2023-02-03,1648.42,1646.61,1653.85,1626.39,3494490.0,1672.484,,0,0.0,1663.01,1829.3110000000001,1496.709,100000.0,100000.0,0,0.0,0.0
2023-02-06,1612.19,1625.78,1625.78,1594.08,4266095.0,1655.6380000000001,1666.6860000000001,0,0.0,1646.61,1811.271,1481.9489999999998,100000.0,100000.0,0,0.0,0.0
2023-02-07,1637.62,1627.59,1638.28,1619.19,2432171.0,1646.8059999999998,1669.72,0,0.0,1625.78,1788.3580000000002,1463.202,100000.0,100000.0,0,0.0,0.0
2023-02-08,1630.31,1615.81,1635.71,1607.66,1667577.0,1635.7599999999998,1672.391,0,0.0,1627.59,1790.3490000000002,1464.831,100000.0,100000.0,0,0.0,0.0
2023-02-09,1610.38,1646.61,1657.25,1607.67,2975366.0,1632.48,1673.161,0,0.0,1615.81,1777.391,1454.229,100000.0,100000.0,0,0.0,0.0
2023-02-10,1639.45,1639.36,1647.05,1631.26,1798451.0,1631.03,1673.443,0,0.0,1646.61,1811.271,1481.9489999999998,100000.0,100000.0,0,0.0,0.0
2023-02-13,1639.36,1681.34,1697.78,1639.36,3814670.0,1642.1419999999998,1674.1290000000001,0,0.0,1639.36,1803.296,1475.424,100000.0,100000.0,0,0.0,0.0
2023-02-14,1681.44,1669.97,1682.29,1662.01,1956576.0,1650.618,1673.6465,0,0.0,1681.34,1849.4740000000002,1513.206,100000.0,100000.0,0,0.0,0.0
2023-02-15,1669.96,1667.44,1680.39,1662.74,1817691.0,1660.9440000000002,1673.4675,0,0.0,1669.97,1836.967,1502.973,100000.0,100000.0,0,0.0,0.0
2023-02-16,1667.75,1686.3,1709.1,1655.67,3324595.0,1668.882,1674.7274999999997,0,0.0,1667.44,1834.1840000000002,1500.6960000000001,100000.0,100000.0,0,0.0,0.0
2023-02-17,1675.74,1649.13,1696.42,1648.47,2644283.0,1670.836,1671.729,0,0.0,1686.3,1854.93,1517.67,100000.0,100000.0,0,0.0,0.0
2023-02-20,1649.33,1698.24,1701.68,1645.88,2966869.0,1674.216,1670.0130000000001,1,58.0,1649.13,1814.0430000000003,1484.217,99960.59787706239,1462.6778770623932,1,-0.00039402122937604034,0.0003940212293760851
2023-02-21,1697.33,1690.99,1697.33,1676.5,1875052.0,1678.42,1668.1564999999998,0,58.0,1698.24,1868.064,1528.416,99540.09787706239,1462.6778770623932,0,-0.004206657512364598,0.004599021229376085
2023-02-22,1680.13,1662.91,1688.18,1659.11,2186916.0,1677.514,1665.575,0,58.0,1690.99,1860.0890000000002,1521.891,97911.45787706239,1462.6778770623932,0,-0.01636164756449665,0.02088542122937608
2023-02-23,1666.53,1646.61,1674.51,1635.06,2188097.0,1669.5759999999998,1662.7579999999998,0,58.0,1662.91,1829.2010000000002,1496.6190000000001,96966.05787706238,1462.6778770623932,0,-0.00965566258023709,0.030339421229376166
2023-02-24,1639.46,1619.44,1639.54,1614.17,2463461.0,1663.6380000000001,1659.497,0,58.0,1646.61,1811.271,1481.9489999999998,95390.1978770624,1462.6778770623932,0,-0.016251666144847632,0.04609802122937603
2023-02-27,1610.83,1639.73,1643.89,1607.68,2206489.0,1651.9360000000001,1655.9830000000002,-1,0.0,1619.44,1781.3840000000002,1457.496,85972.0854466624,85972.0854466624,-1,-0.09873249704899378,0.140279145533376
2023-02-28,1647.51,1642.75,1650.24,1615.18,2395181.0,1642.288,1654.5330000000001,0,0.0,1639.73,1803.7030000000002,1475.757,85972.0854466624,85972.0854466624,0,0.0,0.140279145533376
2023-03-01,1642.08,1665.2,1673.78,1633.23,2445810.0,1642.7459999999999,1654.241,0,0.0,1642.75,1807.025,1478.4750000000001,85972.0854466624,85972.0854466624,0,0.0,0.140279145533376
2023-03-02,1656.57,1655.67,1665.62,1649.42,1314419.0,1644.5580000000002,1653.8740000000003,0,0.0,1665.2,1831.7200000000003,1498.68,85972.0854466624,85972.0854466624,0,0.0,0.140279145533376
2023-03-03,1666.33,1646.65,1667.99,1632.55,1619806.0,1650.0,1653.8760000000002,0,0.0,1655.67,1821.2370000000003,1490.103,85972.0854466624,85972.0854466624,0,0.0,0.140279145533376
2023-03-06,1646.77,1636.77,1647.06,1627.38,2064586.0,1649.4080000000001,1654.4254999999998,0,0.0,1646.65,1811.3150000000003,1481.9850000000001,85972.0854466624,85972.0854466624,0,0.0,0.140279145533376
2023-03-07,1635.72,1619.71,1645.34,1619.44,2278539.0,1644.8,1654.0315000000003,0,0.0,1636.77,1800.4470000000001,1473.093,85972.0854466624,85972.0854466624,0,0.0,0.140279145533376
2023-03-08,1612.21,1603.51,1617.57,1595.09,2276370.0,1632.462,1653.4165,0,0.0,1619.71,1781.6810000000003,1457.739,85972.0854466624,85972.0854466624,0,0.0,0.140279145533376
2023-03-09,1601.32,1603.15,1616.72,1575.96,2761150.0,1621.958,1651.2435,0,0.0,1603.51,1763.861,1443.159,85972.0854466624,85972.0854466624,0,0.0,0.140279145533376
2023-03-10,1586.44,1585.02,1613.1,1585.02,2116082.0,1609.632,1648.5265,0,0.0,1603.15,1763.4650000000001,1442.835,85972.0854466624,85972.0854466624,0,0.0,0.140279145533376
2023-03-13,1585.93,1595.89,1607.66,1584.11,2056043.0,1601.4560000000001,1644.2540000000001,0,0.0,1585.02,1743.5220000000002,1426.518,85972.0854466624,85972.0854466624,0,0.0,0.140279145533376
2023-03-14,1597.5,1599.51,1612.08,1574.6,2370492.0,1597.416,1640.7310000000002,0,0.0,1595.89,1755.4790000000003,1436.3010000000002,85972.0854466624,85972.0854466624,0,0.0,0.140279145533376
2023-03-15,1610.72,1585.85,1616.61,1585.13,1921253.0,1593.884,1636.6515,0,0.0,1599.51,1759.4610000000002,1439.559,85972.0854466624,85972.0854466624,0,0.0,0.140279145533376
2023-03-16,1575.96,1586.82,1603.13,1575.07,1764624.0,1590.618,1631.6775,0,0.0,1585.85,1744.435,1427.2649999999999,85972.0854466624,85972.0854466624,0,0.0,0.140279145533376
2023-03-17,1603.13,1577.77,1608.47,1572.34,2702291.0,1589.1680000000001,1628.1095,0,0.0,1586.82,1745.5020000000002,1428.138,85972.0854466624,85972.0854466624,0,0.0,0.140279145533376
2023-03-20,1585.93,1566.54,1589.55,1565.09,2049093.0,1583.298,1621.5245,0,0.0,1577.77,1735.547,1419.993,85972.0854466624,85972.0854466624,0,0.0,0.140279145533376
2023-03-21,1571.43,1607.66,1617.49,1561.44,3114182.0,1584.928,1617.358,0,0.0,1566.54,1723.1940000000002,1409.886,85972.0854466624,85972.0854466624,0,0.0,0.140279145533376
2023-03-22,1612.19,1606.17,1623.97,1599.1,1533026.0,1588.992,1614.521,0,0.0,1607.66,1768.4260000000002,1446.894,85972.0854466624,85972.0854466624,0,0.0,0.140279145533376
2023-03-23,1599.51,1607.54,1622.25,1598.61,1735566.0,1593.136,1612.5674999999999,0,0.0,1606.17,1766.7870000000003,1445.553,85972.0854466624,85972.0854466624,0,0.0,0.140279145533376
2023-03-24,1602.3,1610.94,1615.45,1599.51,1276996.0,1599.77,1612.1425000000002,0,0.0,1607.54,1768.294,1446.786,85972.0854466624,85972.0854466624,0,0.0,0.140279145533376
2023-03-27,1610.92,1601.13,1610.92,1590.45,1529555.0,1606.6879999999999,1610.2125,0,0.0,1610.94,1772.034,1449.846,85972.0854466624,85972.0854466624,0,0.0,0.140279145533376
2023-03-28,1603.13,1613.82,1621.25,1598.62,1726135.0,1607.92,1608.766,0,0.0,1601.13,1761.2430000000002,1441.017,85972.0854466624,85972.0854466624,0,0.0,0.140279145533376
2023-03-29,1629.4,1621.25,1630.31,1616.78,1539299.0,1610.9360000000001,1606.5684999999999,1,53.0,1613.82,1775.202,1452.4379999999999,85937.7123688749,11.462368874897948,1,-0.00039981672666100643,0.14062287631125103
2023-03-30,1623.97,1630.31,1634.83,1611.29,1925701.0,1615.49,1605.3004999999998,0,53.0,1621.25,1783.3750000000002,1459.125,86417.89236887489,11.462368874897948,0,0.005587535282983724,0.1358210763112511
2023-03-31,1652.95,1648.42,1673.78,1647.51,2744633.0,1622.986,1605.389,0,53.0,1630.31,1793.3410000000001,1467.279,87377.7223688749,11.462368874897948,0,0.011106843428939195,0.12622277631125092
2023-04-03,1652.95,1632.18,1655.46,1630.38,2141743.0,1629.1960000000001,1605.1595,0,53.0,1648.42,1813.2620000000002,1483.5780000000002,86517.0023688749,11.462368874897948,0,-0.009850565758241836,0.13482997631125093
2023-04-04,1641.17,1643.52,1644.05,1618.53,2006626.0,1635.136,1606.35,0,53.0,1632.18,1795.3980000000001,1468.962,87118.0223688749,11.462368874897948,0,0.00694684262681089,0.12881977631125105
2023-04-06,1634.83,1627.55,1644.71,1619.64,1487422.0,1636.3960000000002,1607.5520000000001,0,53.0,1643.52,1807.872,1479.1680000000001,86271.61236887489,11.462368874897948,0,-0.009715670500601292,0.13728387631125108
2023-04-07,1625.78,1622.15,1635.75,1619.75,1352468.0,1634.764,1608.502,0,53.0,1627.55,1790.305,1464.795,85985.41236887491,11.462368874897948,0,-0.0033174295940623377,0.14014587631125092
2023-04-10,1622.05,1604.67,1622.05,1579.59,2941822.0,1626.014,1609.4845,0,53.0,1622.15,1784.3650000000002,1459.9350000000002,85058.9723688749,11.462368874897948,0,-0.010774385729821256,0.14941027631125092
2023-04-11,1623.97,1580.94,1623.97,1579.59,2920919.0,1615.766,1608.737,0,53.0,1604.67,1765.1370000000002,1444.2030000000002,83801.2823688749,11.462368874897948,0,-0.014786094458627885,0.16198717631125095
2023-04-12,1582.54,1534.39,1585.02,1533.23,5110492.0,1593.94,1605.481,-1,0.0,1580.94,1739.034,1422.846,75399.6771174749,75399.6771174749,-1,-0.10025628503413564,0.246003228825251
2023-04-13,1530.68,1560.57,1561.1,1525.25,2954268.0,1580.544,1604.217,0,0.0,1534.39,1687.8290000000002,1380.951,75399.6771174749,75399.6771174749,0,0.0,0.246003228825251
2023-04-14,1563.28,1551.89,1569.62,1544.08,2123162.0,1566.492,1602.4705,0,0.0,1560.57,1716.6270000000002,1404.513,75399.6771174749,75399.6771174749,0,0.0,0.246003228825251
2023-04-17,1575.96,1587.74,1587.74,1565.09,3046723.0,1563.1060000000002,1602.969,0,0.0,1551.89,1707.0790000000002,1396.701,75399.6771174749,75399.6771174749,0,0.0,0.246003228825251
2023-04-18,1587.74,1592.27,1602.23,1581.41,1831389.0,1565.372,1604.2555,0,0.0,1587.74,1746.5140000000001,1428.9660000000001,75399.6771174749,75399.6771174749,0,0.0,0.246003228825251
2023-04-19,1595.89,1593.17,1599.06,1585.02,1460056.0,1577.128,1603.531,0,0.0,1592.27,1751.497,1433.0430000000001,75399.6771174749,75399.6771174749,0,0.0,0.246003228825251
2023-04-20,1594.18,1577.67,1598.61,1566.0,1988537.0,1580.548,1602.1060000000002,0,0.0,1593.17,1752.4870000000003,1433.853,75399.6771174749,75399.6771174749,0,0.0,0.246003228825251
2023-04-21,1581.4,1562.8,1583.28,1559.01,1851787.0,1582.73,1599.8690000000001,0,0.0,1577.67,1735.4370000000001,1419.903,75399.6771174749,75399.6771174749,0,0.0,0.246003228825251
2023-04-24,1558.75,1544.26,1559.66,1540.64,2023091.0,1574.034,1596.5349999999999,0,0.0,1562.8,1719.0800000000002,1406.52,75399.6771174749,75399.6771174749,0,0.0,0.246003228825251
2023-04-25,1545.17,1567.25,1572.32,1541.54,2058251.0,1569.03,1594.841,0,0.0,1544.26,1698.6860000000001,1389.834,75399.6771174749,75399.6771174749,0,0.0,0.246003228825251
2023-04-26,1579.59,1579.5,1594.98,1557.85,2789160.0,1566.2959999999998,1593.125,0,0.0,1567.25,1723.9750000000001,1410.525,75399.6771174749,75399.6771174749,0,0.0,0.246003228825251
2023-04-27,1583.21,1592.19,1603.13,1566.91,2560504.0,1569.2,1591.672,0,0.0,1579.5,1737.45,1421.55,75399.6771174749,75399.6771174749,0,0.0,0.246003228825251
2023-04-28,1596.8,1594.55,1614.7,1588.62,2622464.0,1575.55,1589.884,0,0.0,1592.19,1751.409,1432.971,75399.6771174749,75399.6771174749,0,0.0,0.246003228825251
2023-05-04,1602.23,1584.93,1610.08,1572.34,2746642.0,1583.684,1586.7095000000002,0,0.0,1594.55,1754.005,1435.095,75399.6771174749,75399.6771174749,0,0.0,0.246003228825251
2023-05-05,1599.51,1585.02,1599.51,1572.69,2071421.0,1587.238,1584.3515000000002,1,47.0,1584.93,1743.4230000000002,1426.4370000000001,75369.87650659672,873.936506596714,1,-0.0003952352585244734,0.24630123493403283
2023-05-08,1601.61,1558.32,1602.23,1555.28,3317126.0,1583.002,1580.0915,0,47.0,1585.02,1743.5220000000002,1426.518,74114.97650659671,873.936506596714,0,-0.01664988796804212,0.2588502349340329
2023-05-09,1553.32,1559.66,1575.94,1546.14,2937796.0,1576.4959999999999,1576.697,-1,0.0,1558.32,1714.152,1402.488,66771.09742579672,66771.09742579672,-1,-0.09908765308920175,0.33228902574203284
2023-05-10,1553.49,1562.38,1572.34,1553.32,2077260.0,1570.0620000000001,1573.7085000000002,0,0.0,1559.66,1715.6260000000002,1403.6940000000002,66771.09742579672,66771.09742579672,0,0.0,0.33228902574203284
2023-05-11,1567.81,1555.19,1571.43,1553.32,1524612.0,1564.114,1571.2345,0,0.0,1562.38,1718.6180000000002,1406.142,66771.09742579672,66771.09742579672,0,0.0,0.33228902574203284
2023-05-12,1553.32,1545.53,1566.8,1544.27,1946045.0,1556.216,1569.464,0,0.0,1555.19,1710.7090000000003,1399.671,66771.09742579672,66771.09742579672,0,0.0,0.33228902574203284
2023-05-15,1541.54,1554.5,1555.13,1531.76,2574018.0,1555.452,1570.4695,0,0.0,1545.53,1700.083,1390.977,66771.09742579672,66771.09742579672,0,0.0,0.33228902574203284
2023-05-16,1552.4,1542.71,1557.84,1537.02,2222377.0,1552.0620000000001,1569.5765000000001,0,0.0,1554.5,1709.95,1399.05,66771.09742579672,66771.09742579672,0,0.0,0.33228902574203284
2023-05-17,1546.98,1540.64,1551.51,1538.84,1677691.0,1547.714,1569.0140000000001,0,0.0,1542.71,1696.9810000000002,1388.439,66771.09742579672,66771.09742579672,0,0.0,0.33228902574203284
2023-05-18,1544.25,1531.58,1544.62,1530.68,1921928.0,1542.9919999999997,1566.206,0,0.0,1540.64,1694.7040000000002,1386.576,66771.09742579672,66771.09742579672,0,0.0,0.33228902574203284
2023-05-19,1513.47,1539.28,1543.66,1499.47,2674116.0,1541.742,1563.5565000000001,0,0.0,1531.58,1684.738,1378.422,66771.09742579672,66771.09742579672,0,0.0,0.33228902574203284
2023-05-22,1530.69,1581.4,1586.83,1530.68,4128432.0,1547.1219999999998,1562.968,0,0.0,1539.28,1693.208,1385.352,66771.09742579672,66771.09742579672,0,0.0,0.33228902574203284
2023-05-23,1588.63,1561.97,1588.64,1561.97,1689421.0,1550.974,1562.183,0,0.0,1581.4,1739.5400000000002,1423.2600000000002,66771.09742579672,66771.09742579672,0,0.0,0.33228902574203284
2023-05-24,1569.02,1549.61,1570.12,1548.89,1847927.0,1552.7679999999998,1561.5235,0,0.0,1561.97,1718.1670000000001,1405.7730000000001,66771.09742579672,66771.09742579672,0,0.0,0.33228902574203284
2023-05-25,1545.16,1540.64,1548.79,1530.68,2246560.0,1554.5800000000002,1561.3425,0,0.0,1549.61,1704.5710000000001,1394.649,66771.09742579672,66771.09742579672,0,0.0,0.33228902574203284
2023-05-26,1541.54,1531.18,1544.26,1517.1,1829110.0,1552.96,1559.539,0,0.0,1540.64,1694.7040000000002,1386.576,66771.09742579672,66771.09742579672,0,0.0,0.33228902574203284
2023-05-29,1537.02,1529.77,1538.24,1519.81,1777141.0,1542.634,1557.0525,0,0.0,1531.18,1684.2980000000002,1378.0620000000001,66771.09742579672,66771.09742579672,0,0.0,0.33228902574203284
2023-05-30,1529.77,1511.01,1538.73,1502.2,2645340.0,1532.442,1552.9935,0,0.0,1529.77,1682.747,1376.7930000000001,66771.09742579672,66771.09742579672,0,0.0,0.33228902574203284
2023-05-31,1504.42,1475.34,1508.69,1473.32,3695697.0,1517.5880000000002,1547.033,0,0.0,1511.01,1662.111,1359.909,66771.09742579672,66771.09742579672,0,0.0,0.33228902574203284
2023-06-01,1465.46,1481.69,1517.08,1465.46,2864525.0,1505.798,1541.871,0,0.0,1475.34,1622.874,1327.806,66771.09742579672,66771.09742579672,0,0.0,0.33228902574203284
2023-06-02,1489.92,1513.11,1515.41,1481.87,2505802.0,1502.184,1538.2755,0,0.0,1481.69,1629.8590000000002,1333.5210000000002,66771.09742579672,66771.09742579672,0,0.0,0.33228902574203284
2023-06-05,1509.08,1508.03,1524.23,1506.22,1620050.0,1497.836,1535.761,0,0.0,1513.11,1664.421,1361.799,66771.09742579672,66771.09742579672,0,0.0,0.33228902574203284
2023-06-06,1512.56,1509.84,1525.24,1495.85,1991392.0,1497.602,1533.27,0,0.0,1508.03,1658.833,1357.227,66771.09742579672,66771.09742579672,0,0.0,0.33228902574203284
2023-06-07,1515.27,1495.26,1520.53,1494.45,1788964.0,1501.5859999999998,1529.914,0,0.0,1509.84,1660.824,1358.856,66771.09742579672,66771.09742579672,0,0.0,0.33228902574203284
2023-06-08,1499.73,1510.75,1517.09,1494.46,1470272.0,1507.398,1527.692,0,0.0,1495.26,1644.786,1345.734,66771.09742579672,66771.09742579672,0,0.0,0.33228902574203284
2023-06-09,1514.36,1508.94,1519.78,1508.94,1758041.0,1506.5639999999999,1525.8625,0,0.0,1510.75,1661.825,1359.675,66771.09742579672,66771.09742579672,0,0.0,0.33228902574203284
2023-06-12,1508.96,1536.11,1546.98,1504.88,2702944.0,1512.1799999999998,1524.943,0,0.0,1508.94,1659.8340000000003,1358.046,66771.09742579672,66771.09742579672,0,0.0,0.33228902574203284
2023-06-13,1534.19,1538.83,1543.91,1526.15,1466254.0,1517.9779999999998,1524.749,0,0.0,1536.11,1689.721,1382.499,66771.09742579672,66771.09742579672,0,0.0,0.33228902574203284
2023-06-14,1556.94,1564.08,1570.75,1545.36,3150580.0,1531.742,1525.9209999999998,1,42.0,1538.83,1692.713,1384.947,66744.81891105592,1053.4589110559173,1,-0.00039356122265332694,0.3325518108894408
2023-06-15,1567.21,1589.55,1590.14,1560.57,2522257.0,1547.502,1528.8195,0,42.0,1564.08,1720.488,1407.672,67814.55891105591,1053.4589110559173,0,0.016027311444586134,0.3218544108894409
2023-06-16,1591.36,1628.21,1630.31,1585.11,3791789.0,1571.356,1533.266,0,42.0,1589.55,1748.505,1430.595,69438.27891105592,1053.4589110559173,0,0.023943531095286685,0.30561721088944077
2023-06-19,1621.25,1579.59,1628.45,1574.15,3169992.0,1580.0520000000001,1533.1755,0,42.0,1628.21,1791.0310000000002,1465.3890000000001,67396.23891105592,1053.4589110559173,0,-0.029407986949326226,0.32603761088944083
2023-06-20,1575.96,1579.1,1598.61,1571.43,2094674.0,1588.106,1534.032,0,42.0,1579.59,1737.549,1421.6309999999999,67375.65891105591,1053.4589110559173,0,-0.00030535828604860704,0.32624341088944087
2023-06-21,1575.96,1572.19,1591.0,1571.43,1772061.0,1589.7279999999998,1535.1609999999998,0,42.0,1579.1,1737.01,1421.19,67085.43891105591,1053.4589110559173,0,-0.004307490341328268,0.3291456108894409
2023-06-26,1557.95,1547.88,1566.91,1535.2,2399268.0,1581.3939999999998,1535.523,0,42.0,1572.19,1729.409,1414.971,66064.41891105592,1053.4589110559173,0,-0.01521969620492003,0.3393558108894408
2023-06-27,1548.78,1549.74,1557.58,1539.81,1517446.0,1565.7,1536.451,0,42.0,1547.88,1702.6680000000003,1393.092,66142.53891105592,1053.4589110559173,0,0.0011824822088448705,0.3385746108894408
2023-06-28,1551.67,1565.44,1570.53,1549.7,1857356.0,1562.87,1538.2345,0,42.0,1549.74,1704.7140000000002,1394.766,66801.93891105591,1053.4589110559173,0,0.009969378419034003,0.33198061088944086
2023-06-29,1567.81,1552.15,1571.42,1551.52,1423116.0,1557.48,1540.2915,0,42.0,1565.44,1721.9840000000002,1408.8960000000002,66243.75891105592,1053.4589110559173,0,-0.008355745493303535,0.3375624108894408
2023-06-30,1563.37,1555.09,1571.64,1550.94,2045869.0,1554.0600000000002,1544.279,0,42.0,1552.15,1707.3650000000002,1396.9350000000002,66367.23891105592,1053.4589110559173,0,0.001864024657262986,0.33632761088944085
2023-07-03,1562.45,1585.53,1586.62,1556.01,1913909.0,1561.59,1549.471,0,42.0,1555.09,1710.5990000000002,1399.581,67645.71891105591,1053.4589110559173,0,0.019263721392920763,0.32354281088944087
2023-07-04,1585.63,1591.51,1595.04,1580.0,1247238.0,1569.944,1553.391,0,42.0,1585.53,1744.083,1426.977,67896.87891105592,1053.4589110559173,0,0.003712873542378148,0.32103121088944087
2023-07-05,1590.96,1577.52,1592.77,1563.37,1474539.0,1572.3600000000001,1556.8654999999999,0,42.0,1591.51,1750.661,1432.359,67309.29891105591,1053.4589110559173,0,-0.008654006037151163,0.32690701088944085
2023-07-06,1571.8,1566.11,1593.72,1563.37,1514062.0,1575.1519999999998,1559.6789999999999,0,42.0,1577.52,1735.2720000000002,1419.768,66830.07891105591,1053.4589110559173,0,-0.007119670056781491,0.3316992108894409
2023-07-07,1564.29,1554.2,1571.64,1554.17,1516742.0,1574.9740000000002,1562.626,0,42.0,1566.11,1722.721,1409.499,66329.85891105593,1053.4589110559173,0,-0.007484953005453265,0.3367014108894407
2023-07-10,1567.97,1564.2,1577.13,1563.37,1347741.0,1570.708,1565.2985,0,42.0,1554.2,1709.6200000000001,1398.78,66749.85891105593,1053.4589110559173,0,0.0063319899498532894,0.33250141088944074
2023-07-11,1572.57,1572.57,1577.32,1565.3,1258270.0,1566.92,1568.48,-1,0.0,1564.2,1720.6200000000001,1407.78,60162.48088305592,60162.48088305592,-1,-0.09868751987592483,0.3983751911694408
2023-07-12,1575.36,1576.06,1584.52,1573.79,1328467.0,1566.628,1570.4775,0,0.0,1572.57,1729.827,1415.3129999999999,60162.48088305592,60162.48088305592,0,0.0,0.3983751911694408
2023-07-13,1583.59,1598.69,1605.13,1580.85,2580654.0,1573.144,1573.4705,0,0.0,1576.06,1733.6660000000002,1418.454,60162.48088305592,60162.48088305592,0,0.0,0.3983751911694408
2023-07-14,1614.87,1612.11,1617.17,1601.26,1855030.0,1584.726,1575.872,1,37.0,1598.69,1758.5590000000002,1438.8210000000001,60138.61986561382,490.5498656138225,1,-0.00039660959940268636,0.39861380134386176
2023-07-17,1610.27,1590.93,1610.27,1587.83,1433648.0,1590.072,1575.941,0,37.0,1612.11,1773.3210000000001,1450.899,59354.959865613826,490.5498656138225,0,-0.0130308943196763,0.40645040134386173
2023-07-18,1594.25,1584.34,1595.11,1582.68,1473765.0,1592.426,1573.7475,0,37.0,1590.93,1750.0230000000001,1431.837,59111.12986561382,490.5498656138225,0,-0.00410799704948106,0.40888870134386185
2023-07-19,1577.17,1584.52,1589.12,1576.06,1248322.0,1594.118,1573.994,0,37.0,1584.34,1742.7740000000001,1425.906,59117.78986561382,490.5498656138225,0,0.00011266913718532834,0.4088221013438618
2023-07-20,1589.11,1585.44,1608.41,1583.6,1669265.0,1591.468,1574.3110000000001,0,37.0,1584.52,1742.9720000000002,1426.068,59151.82986561382,490.5498656138225,0,0.0005757996041018121,0.4084817013438618
2023-07-21,1592.69,1628.94,1630.04,1587.28,3937740.0,1594.834,1577.1485,0,37.0,1585.44,1743.9840000000002,1426.8960000000002,60761.32986561382,490.5498656138225,0,0.027209640067882956,0.3923867013438618
2023-07-24,1609.83,1628.8,1628.8,1609.83,1971337.0,1602.408,1581.1945,0,37.0,1628.94,1791.8340000000003,1466.046,60756.14986561382,490.5498656138225,0,-8.525159030348117e-05,0.39243850134386177
2023-07-25,1655.33,1681.59,1681.89,1655.33,4308646.0,1621.858,1587.7869999999998,0,37.0,1628.8,1791.68,1465.92,62709.37986561382,490.5498656138225,0,0.032148679669800284,0.3729062013438618
2023-07-26,1681.59,1681.59,1688.43,1669.2,1961145.0,1641.2720000000002,1593.5945,0,37.0,1681.59,1849.749,1513.431,62709.37986561382,490.5498656138225,0,0.0,0.3729062013438618
2023-07-27,1688.44,1690.31,1705.72,1681.73,2034043.0,1662.2459999999999,1600.5025,0,37.0,1681.59,1849.749,1513.431,63032.019865613824,490.5498656138225,0,0.005145003836609874,0.36967980134386175
2023-07-28,1684.76,1744.54,1747.3,1681.09,3901792.0,1685.366,1609.975,0,37.0,1690.31,1859.3410000000001,1521.279,65038.52986561382,490.5498656138225,0,0.03183318580426153,0.3496147013438618
2023-07-31,1754.65,1729.44,1779.48,1723.39,4537861.0,1705.494,1617.1705,0,37.0,1744.54,1918.9940000000001,1570.086,64479.82986561382,490.5498656138225,0,-0.008590292572024816,0.3552017013438618
2023-08-01,1727.07,1737.18,1753.69,1726.96,1923062.0,1716.6119999999999,1624.4540000000002,0,37.0,1729.44,1902.3840000000002,1556.496,64766.209865613826,490.5498656138225,0,0.004441388890089604,0.3523379013438617
2023-08-02,1732.03,1728.9,1738.1,1716.77,1850872.0,1726.0739999999998,1632.023,0,37.0,1737.18,1910.8980000000001,1563.462,64459.849865613825,490.5498656138225,0,-0.004730244376437653,0.3554015013438617
2023-08-03,1719.71,1727.5,1738.1,1701.78,2154347.0,1733.512,1640.0925,0,37.0,1728.9,1901.7900000000002,1556.0100000000002,64408.04986561382,490.5498656138225,0,-0.0008036010029187635,0.3559195013438618
2023-08-04,1736.1,1741.29,1753.29,1730.74,2457364.0,1732.8619999999999,1649.4470000000001,0,37.0,1727.5,1900.2500000000002,1554.75,64918.27986561382,490.5498656138225,0,0.00792183587400297,0.3508172013438618
2023-08-07,1729.78,1736.2,1745.46,1720.66,2389245.0,1734.214,1658.047,0,37.0,1741.29,1915.419,1567.161,64729.949865613824,490.5498656138225,0,-0.0029010318879343355,0.35270050134386177
2023-08-08,1728.93,1738.1,1741.51,1714.26,1773618.0,1734.398,1666.3235,0,37.0,1736.2,1909.8200000000002,1562.5800000000002,64800.24986561382,490.5498656138225,0,0.0010860505862579917,0.3519975013438618
2023-08-09,1738.1,1738.36,1751.9,1731.63,1852346.0,1736.2899999999997,1674.4385000000002,0,37.0,1738.1,1911.91,1564.29,64809.86986561382,490.5498656138225,0,0.0001484562176836679,0.35190130134386177
2023-08-10,1730.74,1724.31,1737.18,1712.63,1843619.0,1735.652,1680.7195,0,37.0,1738.36,1912.1960000000001,1564.524,64290.019865613824,490.5498656138225,0,-0.00802115481913368,0.35709980134386177
2023-08-11,1733.5,1686.6,1733.87,1686.49,2678649.0,1724.714,1684.444,0,37.0,1724.31,1896.741,1551.879,62894.74986561382,490.5498656138225,0,-0.02170274644364012,0.3710525013438618
2023-08-14,1664.53,1658.09,1678.31,1651.66,2373119.0,1709.0919999999999,1687.8020000000001,0,37.0,1686.6,1855.26,1517.94,61839.87986561382,490.5498656138225,0,-0.016771988158851503,0.38160120134386183
2023-08-15,1663.61,1667.27,1671.89,1656.26,1481799.0,1694.926,1691.9485,0,37.0,1658.09,1823.8990000000001,1492.281,62179.53986561382,490.5498656138225,0,0.005492572119126571,0.3782046013438618
2023-08-16,1662.31,1673.73,1676.81,1660.85,1318431.0,1682.0,1696.409,-1,0.0,1667.27,1833.997,1500.5430000000001,55993.98483831383,55993.98483831383,-1,-0.0994789450142054,0.4400601516168617
2023-08-17,1660.93,1681.13,1686.6,1656.76,1729037.0,1673.364,1701.1934999999999,0,0.0,1673.73,1841.103,1506.357,55993.98483831383,55993.98483831383,0,0.0,0.4400601516168617
2023-08-18,1684.75,1657.72,1687.51,1657.72,1702334.0,1667.5880000000002,1702.6325000000002,0,0.0,1681.13,1849.2430000000002,1513.017,55993.98483831383,55993.98483831383,0,0.0,0.4400601516168617
2023-08-21,1648.9,1647.06,1668.2,1646.2,1891181.0,1665.382,1703.5455000000002,0,0.0,1657.72,1823.4920000000002,1491.948,55993.98483831383,55993.98483831383,0,0.0,0.4400601516168617
2023-08-22,1656.24,1644.3,1657.69,1628.68,2665036.0,1660.788,1701.681,0,0.0,1647.06,1811.766,1482.354,55993.98483831383,55993.98483831383,0,0.0,0.4400601516168617
2023-08-23,1652.58,1631.42,1655.33,1627.82,1991222.0,1652.3260000000002,1699.1725,0,0.0,1644.3,1808.73,1479.87,55993.98483831383,55993.98483831383,0,0.0,0.4400601516168617
2023-08-24,1636.59,1670.32,1681.08,1632.34,2605509.0,1650.164,1698.173,0,0.0,1631.42,1794.5620000000001,1468.278,55993.98483831383,55993.98483831383,0,0.0,0.4400601516168617
2023-08-25,1663.42,1678.31,1690.07,1660.86,1883086.0,1654.282,1694.8614999999998,0,0.0,1670.32,1837.352,1503.288,55993.98483831383,55993.98483831383,0,0.0,0.4400601516168617
2023-08-28,1745.99,1687.49,1745.99,1684.65,4105213.0,1662.368,1692.764,0,0.0,1678.31,1846.141,1510.479,55993.98483831383,55993.98483831383,0,0.0,0.4400601516168617
2023-08-29,1681.08,1702.54,1718.86,1681.08,2895028.0,1674.016,1691.032,0,0.0,1687.49,1856.2390000000003,1518.741,55993.98483831383,55993.98483831383,0,0.0,0.4400601516168617
2023-08-30,1717.78,1706.83,1717.87,1695.49,1981181.0,1689.098,1689.9285,0,0.0,1702.54,1872.794,1532.286,55993.98483831383,55993.98483831383,0,0.0,0.4400601516168617
2023-08-31,1710.51,1698.56,1710.51,1693.05,1482022.0,1694.7459999999999,1688.4815000000003,1,32.0,1706.83,1877.5130000000001,1536.147,55972.241639696236,1618.321639696238,1,-0.00038831311399567525,0.44027758360303765
2023-09-01,1703.92,1702.28,1715.54,1697.66,1314519.0,1699.5400000000002,1686.5310000000002,0,32.0,1698.56,1868.4160000000002,1528.704,56091.28163969624,1618.321639696238,0,0.0021267684929662245,0.4390871836030376
2023-09-04,1712.9,1716.03,1728.85,1704.56,2387100.0,1705.248,1685.5224999999998,0,32.0,1702.28,1872.508,1532.052,56531.28163969624,1618.321639696238,0,0.007844356326645485,0.43468718360303765
2023-09-05,1717.87,1709.32,1717.87,1707.57,1565874.0,1706.6039999999998,1684.0835,0,32.0,1716.03,1887.633,1544.427,56316.561639696236,1618.321639696238,0,-0.0037982510527273528,0.43683438360303767
2023-09-06,1708.67,1711.43,1716.64,1700.41,1112143.0,1707.524,1682.7369999999999,0,32.0,1709.32,1880.2520000000002,1538.388,56384.08163969624,1618.321639696238,0,0.0011989368319746951,0.4361591836030376
2023-09-07,1703.71,1690.28,1707.65,1684.02,1698157.0,1705.868,1681.0355,0,32.0,1711.43,1882.5730000000003,1540.287,55707.28163969624,1618.321639696238,0,-0.012003387841356905,0.4429271836030376
2023-09-08,1687.47,1672.35,1687.47,1669.08,1221178.0,1699.882,1680.3229999999999,0,32.0,1690.28,1859.3080000000002,1521.252,55133.521639696235,1618.321639696238,0,-0.01029955120967796,0.44866478360303763
2023-09-11,1662.69,1675.72,1692.12,1662.69,1592600.0,1691.8199999999997,1681.2044999999998,0,32.0,1672.35,1839.585,1505.115,55241.36163969624,1618.321639696238,0,0.0019559788091307873,0.4475863836030376
2023-09-12,1679.8,1673.69,1680.15,1670.07,1216801.0,1684.694,1681.5255000000002,0,32.0,1675.72,1843.2920000000001,1508.1480000000001,55176.40163969624,1618.321639696238,0,-0.001175930463548136,0.4482359836030376
2023-09-13,1682.85,1673.64,1682.85,1655.38,1950143.0,1677.136,1681.521,-1,0.0,1673.69,1841.0590000000002,1506.3210000000001,49806.13295809624,49806.13295809624,-1,-0.09732908493504222,0.5019386704190376
2023-09-14,1676.05,1672.52,1680.15,1660.85,1750459.0,1673.584,1681.0904999999998,0,0.0,1673.64,1841.0040000000004,1506.276,49806.13295809624,49806.13295809624,0,0.0,0.5019386704190376
2023-09-15,1672.81,1638.77,1673.52,1638.14,2843146.0,1666.868,1680.143,0,0.0,1672.52,1839.7720000000002,1505.268,49806.13295809624,49806.13295809624,0,0.0,0.5019386704190376
2023-09-18,1633.55,1682.19,1682.46,1630.5,3255892.0,1668.1619999999998,1681.8995,0,0.0,1638.77,1802.6470000000002,1474.893,49806.13295809624,49806.13295809624,0,0.0,0.5019386704190376
2023-09-19,1675.75,1680.11,1682.0,1662.69,1498950.0,1669.446,1683.69,0,0.0,1682.19,1850.409,1513.971,49806.13295809624,49806.13295809624,0,0.0,0.5019386704190376
2023-09-20,1675.57,1677.41,1682.92,1671.93,1250178.0,1670.2,1685.9895000000001,0,0.0,1680.11,1848.121,1512.099,49806.13295809624,49806.13295809624,0,0.0,0.5019386704190376
2023-09-21,1671.9,1653.85,1675.57,1653.85,1948919.0,1666.466,1685.166,0,0.0,1677.41,1845.1510000000003,1509.669,49806.13295809624,49806.13295809624,0,0.0,0.5019386704190376
2023-09-22,1660.51,1700.4,1701.28,1648.35,3439046.0,1678.7920000000001,1686.2704999999999,0,0.0,1653.85,1819.2350000000001,1488.465,49806.13295809624,49806.13295809624,0,0.0,0.5019386704190376
2023-09-25,1699.02,1685.11,1699.48,1679.79,1397913.0,1679.3759999999997,1686.1515,0,0.0,1700.4,1870.4400000000003,1530.3600000000001,49806.13295809624,49806.13295809624,0,0.0,0.5019386704190376
2023-09-26,1681.08,1670.05,1687.41,1667.38,1576196.0,1677.364,1684.527,0,0.0,1685.11,1853.621,1516.599,49806.13295809624,49806.13295809624,0,0.0,0.5019386704190376
2023-09-27,1669.13,1668.21,1686.14,1657.91,2087994.0,1675.5240000000001,1682.596,0,0.0,1670.05,1837.055,1503.045,49806.13295809624,49806.13295809624,0,0.0,0.5019386704190376
2023-09-28,1678.31,1654.0,1678.31,1653.31,2053784.0,1675.554,1680.368,0,0.0,1668.21,1835.0310000000002,1501.3890000000001,49806.13295809624,49806.13295809624,0,0.0,0.5019386704190376
2023-10-09,1652.52,1634.18,1652.52,1623.06,2976268.0,1662.31,1676.9630000000002,0,0.0,1654.0,1819.4,1488.6000000000001,49806.13295809624,49806.13295809624,0,0.0,0.5019386704190376
2023-10-10,1639.6,1627.75,1654.4,1625.91,2028392.0,1650.8379999999997,1672.5489999999998,0,0.0,1634.18,1797.5980000000002,1470.7620000000002,49806.13295809624,49806.13295809624,0,0.0,0.5019386704190376
2023-10-11,1641.22,1635.56,1641.22,1625.91,2194486.0,1643.94,1668.861,0,0.0,1627.75,1790.525,1464.9750000000001,49806.13295809624,49806.13295809624,0,0.0,0.5019386704190376
2023-10-12,1653.4,1642.46,1653.71,1634.37,1486507.0,1638.7900000000002,1665.4125,0,0.0,1635.56,1799.116,1472.004,49806.13295809624,49806.13295809624,0,0.0,0.5019386704190376
2023-10-13,1628.55,1610.27,1635.11,1598.49,2502788.0,1630.044,1661.4119999999998,0,0.0,1642.46,1806.7060000000001,1478.2140000000002,49806.13295809624,49806.13295809624,0,0.0,0.5019386704190376
2023-10-16,1610.25,1590.87,1614.87,1584.02,2078965.0,1621.382,1657.3380000000002,0,0.0,1610.27,1771.297,1449.243,49806.13295809624,49806.13295809624,0,0.0,0.5019386704190376
2023-10-17,1599.24,1587.28,1599.64,1578.09,1494523.0,1613.288,1652.916,0,0.0,1590.87,1749.957,1431.783,49806.13295809624,49806.13295809624,0,0.0,0.5019386704190376
2023-10-18,1580.66,1589.12,1602.0,1579.17,2031750.0,1603.9999999999998,1648.6875,0,0.0,1587.28,1746.008,1428.552,49806.13295809624,49806.13295809624,0,0.0,0.5019386704190376
2023-10-19,1563.37,1499.0,1563.4,1495.35,7349237.0,1575.3079999999998,1639.9555,0,0.0,1589.12,1748.032,1430.2079999999999,49806.13295809624,49806.13295809624,0,0.0,0.5019386704190376
2023-10-20,1499.0,1512.79,1521.99,1486.35,4537601.0,1555.812,1631.969,0,0.0,1499.0,1648.9,1349.1000000000001,49806.13295809624,49806.13295809624,0,0.0,0.5019386704190376
2023-10-23,1498.97,1511.85,1526.59,1491.27,2523423.0,1540.008,1625.623,0,0.0,1512.79,1664.0690000000002,1361.511,49806.13295809624,49806.13295809624,0,0.0,0.5019386704190376
2023-10-24,1515.55,1510.91,1520.48,1490.91,2986146.0,1524.734,1617.059,0,0.0,1511.85,1663.035,1360.665,49806.13295809624,49806.13295809624,0,0.0,0.5019386704190376
2023-10-25,1535.88,1542.68,1561.53,1533.04,3617898.0,1515.4460000000001,1610.1874999999998,0,0.0,1510.91,1662.0010000000002,1359.8190000000002,49806.13295809624,49806.13295809624,0,0.0,0.5019386704190376
2023-10-26,1533.02,1537.83,1552.34,1528.43,2238635.0,1523.212,1603.2085,0,0.0,1542.68,1696.9480000000003,1388.412,49806.13295809624,49806.13295809624,0,0.0,0.5019386704190376
2023-10-27,1530.26,1541.95,1555.9,1527.14,3426239.0,1529.044,1597.6135,0,0.0,1537.83,1691.613,1384.047,49806.13295809624,49806.13295809624,0,0.0,0.5019386704190376
2023-10-30,1534.86,1545.9,1553.14,1534.86,2408642.0,1535.854,1589.8884999999998,0,0.0,1541.95,1696.1450000000002,1387.755,49806.13295809624,49806.13295809624,0,0.0,0.5019386704190376
2023-10-31,1544.98,1549.19,1554.17,1533.81,1985877.0,1543.51,1583.0925000000002,0,0.0,1545.9,1700.4900000000002,1391.3100000000002,49806.13295809624,49806.13295809624,0,0.0,0.5019386704190376
2023-11-01,1701.32,1637.85,1701.32,1631.23,9314308.0,1562.5439999999999,1581.4824999999998,0,0.0,1549.19,1704.1090000000002,1394.2710000000002,49806.13295809624,49806.13295809624,0,0.0,0.5019386704190376
2023-11-02,1650.74,1636.48,1650.74,1633.32,2790764.0,1582.274,1579.896,1,30.0,1637.85,1801.635,1474.065,49786.49372526425,692.093725264247,1,-0.00039431354464947166,0.5021350627473575
2023-11-03,1636.94,1665.67,1669.03,1631.42,3017600.0,1607.018,1580.4795,0,30.0,1636.48,1800.1280000000002,1472.832,50662.19372526425,692.093725264247,0,0.01758910769720723,0.49337806274735746
2023-11-06,1673.73,1666.37,1677.21,1656.36,2552392.0,1631.112,1582.089,0,30.0,1665.67,1832.2370000000003,1499.103,50683.193725264246,692.093725264247,0,0.00041451027789829453,0.4931680627473575
2023-11-07,1659.93,1647.21,1664.53,1640.69,1958159.0,1650.716,1583.062,0,30.0,1666.37,1833.007,1499.733,50108.39372526425,692.093725264247,0,-0.011341037487017536,0.4989160627473575
2023-11-08,1640.67,1653.81,1658.83,1639.58,1454567.0,1653.908,1583.9745,0,30.0,1647.21,1811.9310000000003,1482.489,50306.39372526424,692.093725264247,0,0.003951433787432679,0.4969360627473576
2023-11-09,1646.24,1649.92,1654.41,1639.7,1280048.0,1656.596,1584.3474999999999,0,30.0,1653.81,1819.191,1488.429,50189.69372526425,692.093725264247,0,-0.002319784650780532,0.4981030627473575
2023-11-10,1637.45,1633.12,1644.3,1630.6,1646557.0,1650.086,1585.4900000000002,0,30.0,1649.92,1814.9120000000003,1484.928,49685.693725264246,692.093725264247,0,-0.010041902282944326,0.5031430627473575
2023-11-13,1629.84,1622.23,1641.43,1615.77,1836995.0,1641.2580000000003,1587.058,0,30.0,1633.12,1796.432,1469.808,49358.99372526425,692.093725264247,0,-0.006575333370738012,0.5064100627473576
2023-11-14,1622.23,1623.4,1632.33,1618.56,1281675.0,1636.4959999999999,1588.864,0,30.0,1622.23,1784.4530000000002,1460.007,49394.09372526425,692.093725264247,0,0.0007111166041060546,0.5060590627473576
2023-11-15,1636.02,1630.44,1639.6,1624.99,1843486.0,1631.8220000000001,1590.93,0,30.0,1623.4,1785.7400000000002,1461.0600000000002,49605.29372526425,692.093725264247,0,0.004275814861078864,0.5039470627473575
2023-11-16,1631.42,1618.6,1633.26,1618.6,1255757.0,1625.5580000000002,1596.91,0,30.0,1630.44,1793.4840000000002,1467.3960000000002,49250.09372526425,692.093725264247,0,-0.007160526091575137,0.5074990627473576
2023-11-17,1611.19,1612.5,1617.63,1598.23,2171363.0,1621.434,1601.8955,0,30.0,1618.6,1780.46,1456.74,49067.09372526425,692.093725264247,0,-0.003715728969387211,0.5093290627473576
2023-11-20,1613.95,1620.85,1627.29,1597.08,1860804.0,1621.158,1607.3455000000001,0,30.0,1612.5,1773.7500000000002,1451.25,49317.59372526425,692.093725264247,0,0.005105254478746879,0.5068240627473576
2023-11-21,1640.09,1646.14,1653.5,1627.84,3009845.0,1625.706,1614.107,0,30.0,1620.85,1782.935,1458.7649999999999,50076.29372526425,692.093725264247,0,0.01538396224735794,0.49923706274735746
2023-11-22,1639.98,1638.33,1650.14,1637.44,1266457.0,1627.284,1618.8895,0,30.0,1646.14,1810.7540000000004,1481.526,49841.99372526424,692.093725264247,0,-0.00467886064582701,0.5015800627473576
2023-11-23,1635.38,1642.46,1644.3,1628.66,1154964.0,1632.056,1624.1209999999999,0,30.0,1638.33,1802.163,1474.497,49965.89372526425,692.093725264247,0,0.0024858556157074663,0.5003410627473575
2023-11-24,1645.22,1634.18,1645.22,1632.34,1308540.0,1636.3920000000003,1628.7324999999998,0,30.0,1642.46,1806.7060000000001,1478.2140000000002,49717.49372526425,692.093725264247,0,-0.0049713911126221255,0.5028250627473575
2023-11-27,1630.78,1621.31,1630.78,1613.95,1626074.0,1636.484,1632.5030000000002,0,30.0,1634.18,1797.5980000000002,1470.7620000000002,49331.39372526424,692.093725264247,0,-0.007765878186329567,0.5066860627473576
2023-11-28,1619.47,1626.86,1631.31,1616.71,1451976.0,1632.628,1636.3865,-1,0.0,1621.31,1783.441,1459.179,44454.33111426425,44454.33111426425,-1,-0.09886326419564118,0.5554566888573576
2023-11-29,1625.91,1632.08,1633.26,1616.71,1714933.0,1631.378,1636.098,0,0.0,1626.86,1789.546,1464.174,44454.33111426425,44454.33111426425,0,0.0,0.5554566888573576
2023-11-30,1633.93,1647.52,1650.52,1628.74,2135342.0,1632.3899999999999,1636.65,0,0.0,1632.08,1795.288,1468.872,44454.33111426425,44454.33111426425,0,0.0,0.5554566888573576
2023-12-01,1645.5,1618.81,1645.86,1607.51,3305131.0,1629.316,1634.307,0,0.0,1647.52,1812.2720000000002,1482.768,44454.33111426425,44454.33111426425,0,0.0,0.5554566888573576
2023-12-04,1618.81,1610.01,1620.23,1605.01,1844047.0,1627.056,1631.489,0,0.0,1618.81,1780.691,1456.929,44454.33111426425,44454.33111426425,0,0.0,0.5554566888573576
2023-12-05,1608.23,1571.65,1608.32,1570.75,2990301.0,1616.014,1627.711,0,0.0,1610.01,1771.0110000000002,1449.009,44454.33111426425,44454.33111426425,0,0.0,0.5554566888573576
2023-12-06,1565.79,1566.13,1581.28,1564.41,2385129.0,1602.824,1623.327,0,0.0,1571.65,1728.8150000000003,1414.4850000000001,44454.33111426425,44454.33111426425,0,0.0,0.5554566888573576
2023-12-07,1567.05,1563.37,1571.72,1551.69,2504150.0,1585.994,1618.9995000000001,0,0.0,1566.13,1722.7430000000002,1409.517,44454.33111426425,44454.33111426425,0,0.0,0.5554566888573576
2023-12-08,1563.37,1567.9,1571.5,1556.22,2628801.0,1575.8120000000001,1615.7385,0,0.0,1563.37,1719.707,1407.033,44454.33111426425,44454.33111426425,0,0.0,0.5554566888573576
2023-12-11,1554.17,1561.53,1567.05,1523.83,3683098.0,1566.116,1612.7035,0,0.0,1567.9,1724.6900000000003,1411.1100000000001,44454.33111426425,44454.33111426425,0,0.0,0.5554566888573576
2023-12-12,1551.97,1572.56,1572.56,1548.66,2101066.0,1566.2980000000002,1610.1615,0,0.0,1561.53,1717.6830000000002,1405.377,44454.33111426425,44454.33111426425,0,0.0,0.5554566888573576
2023-12-13,1568.17,1526.59,1568.63,1523.9,3878870.0,1558.39,1604.9689999999998,0,0.0,1572.56,1729.816,1415.304,44454.33111426425,44454.33111426425,0,0.0,0.5554566888573576
2023-12-14,1532.07,1504.42,1535.66,1503.61,4067215.0,1546.6,1599.26,0,0.0,1526.59,1679.249,1373.931,44454.33111426425,44454.33111426425,0,0.0,0.5554566888573576
2023-12-15,1515.76,1512.79,1542.93,1511.88,3709251.0,1535.578,1594.2745,0,0.0,1504.42,1654.8620000000003,1353.978,44454.33111426425,44454.33111426425,0,0.0,0.5554566888573576
2023-12-18,1508.19,1528.43,1529.65,1503.6,1989734.0,1528.958,1589.6535,0,0.0,1512.79,1664.0690000000002,1361.511,44454.33111426425,44454.33111426425,0,0.0,0.5554566888573576
2023-12-19,1531.18,1540.38,1544.86,1512.87,2220676.0,1522.522,1584.3654999999999,0,0.0,1528.43,1681.2730000000001,1375.587,44454.33111426425,44454.33111426425,0,0.0,0.5554566888573576
2023-12-20,1542.34,1534.7,1544.2,1528.39,2309203.0,1524.1440000000002,1579.184,0,0.0,1540.38,1694.4180000000003,1386.342,44454.33111426425,44454.33111426425,0,0.0,0.5554566888573576
2023-12-21,1525.6,1553.5,1555.66,1525.6,2901168.0,1533.9600000000003,1574.736,0,0.0,1534.7,1688.17,1381.23,44454.33111426425,44454.33111426425,0,0.0,0.5554566888573576
2023-12-22,1553.22,1554.11,1561.97,1542.35,2166684.0,1542.224,1570.7325,0,0.0,1553.5,1708.8500000000001,1398.15,44454.33111426425,44454.33111426425,0,0.0,0.5554566888573576
2023-12-25,1554.43,1555.36,1561.5,1551.64,1247106.0,1547.6100000000001,1567.435,0,0.0,1554.11,1709.521,1398.6989999999998,44454.33111426425,44454.33111426425,0,0.0,0.5554566888573576
2023-12-26,1555.83,1553.5,1558.06,1541.87,1477126.0,1550.234,1563.767,0,0.0,1555.36,1710.896,1399.8239999999998,44454.33111426425,44454.33111426425,0,0.0,0.5554566888573576
2023-12-27,1551.64,1550.77,1560.15,1545.13,1605550.0,1553.4479999999999,1559.7015000000001,0,0.0,1553.5,1708.8500000000001,1398.15,44454.33111426425,44454.33111426425,0,0.0,0.5554566888573576
2023-12-28,1554.42,1604.66,1607.45,1550.77,3833806.0,1563.6799999999998,1557.5585,1,27.0,1550.77,1705.8470000000002,1395.693,44436.99948648965,1111.179486489651,1,-0.00038987489722985824,0.5556300051351035
2023-12-29,1600.01,1605.6,1627.53,1600.01,2753868.0,1573.9779999999998,1556.898,0,27.0,1604.66,1765.1260000000002,1444.1940000000002,44462.37948648965,1111.179486489651,0,0.0005711456734993625,0.5553762051351036
2024-01-02,1595.36,1567.47,1598.33,1561.04,3215644.0,1576.4,1554.7710000000002,0,27.0,1605.6,1766.16,1445.04,43432.86948648965,1111.179486489651,0,-0.02315463121610084,0.5656713051351034
2024-01-03,1563.84,1575.83,1576.96,1559.39,2022929.0,1580.866,1554.98,0,27.0,1567.47,1724.217,1410.723,43658.58948648965,1111.179486489651,0,0.0051969856624418664,0.5634141051351035
2024-01-04,1574.9,1552.57,1574.9,1546.93,2155107.0,1581.2259999999999,1554.302,0,27.0,1575.83,1733.413,1418.247,43030.56948648965,1111.179486489651,0,-0.014384798212373373,0.5696943051351034
2024-01-05,1545.44,1547.33,1561.56,1536.86,2024286.0,1569.7599999999998,1553.5,0,27.0,1552.57,1707.827,1397.3129999999999,42889.08948648965,1111.179486489651,0,-0.003287895133352259,0.5711091051351035
2024-01-08,1545.13,1529.31,1546.06,1525.6,2558620.0,1554.502,1551.5704999999998,0,27.0,1547.33,1702.063,1392.597,42402.54948648965,1111.179486489651,0,-0.01134414383297333,0.5759745051351035
2024-01-09,1526.53,1526.53,1537.06,1521.01,2441204.0,1546.3139999999999,1549.8205,-1,0.0,1529.31,1682.241,1376.379,38262.26381658965,38262.26381658965,-1,-0.09764237575429702,0.6173773618341035
2024-01-10,1526.62,1526.99,1543.7,1523.73,1735067.0,1536.5459999999998,1547.542,0,0.0,1526.53,1679.183,1373.877,38262.26381658965,38262.26381658965,0,0.0,0.6173773618341035
2024-01-11,1525.69,1531.71,1542.28,1523.79,1644055.0,1532.374,1547.7980000000002,0,0.0,1526.99,1679.689,1374.291,38262.26381658965,38262.26381658965,0,0.0,0.6173773618341035
2024-01-12,1525.57,1528.44,1536.07,1525.04,1160324.0,1528.596,1548.999,0,0.0,1531.71,1684.881,1378.539,38262.26381658965,38262.26381658965,0,0.0,0.6173773618341035
2024-01-15,1520.94,1525.6,1539.52,1520.43,1785403.0,1527.8539999999998,1549.6394999999998,0,0.0,1528.44,1681.284,1375.596,38262.26381658965,38262.26381658965,0,0.0,0.6173773618341035
2024-01-16,1524.2,1525.07,1532.11,1511.59,2590314.0,1527.562,1549.4714999999999,0,0.0,1525.6,1678.16,1373.04,38262.26381658965,38262.26381658965,0,0.0,0.6173773618341035
2024-01-17,1516.29,1466.99,1521.39,1466.99,5163276.0,1515.5620000000001,1545.8020000000001,0,0.0,1525.07,1677.577,1372.5629999999999,38262.26381658965,38262.26381658965,0,0.0,0.6173773618341035
2024-01-18,1464.2,1498.5,1500.29,1447.04,6043981.0,1508.92,1543.992,0,0.0,1466.99,1613.689,1320.291,38262.26381658965,38262.26381658965,0,0.0,0.6173773618341035
2024-01-19,1496.64,1520.94,1523.74,1489.2,4637843.0,1507.4199999999998,1542.364,0,0.0,1498.5,1648.3500000000001,1348.65,38262.26381658965,38262.26381658965,0,0.0,0.6173773618341035
2024-01-22,1515.36,1527.46,1528.39,1505.95,4694589.0,1507.792,1541.0315,0,0.0,1520.94,1673.034,1368.846,38262.26381658965,38262.26381658965,0,0.0,0.6173773618341035
2024-01-23,1518.16,1506.06,1525.55,1496.76,3483490.0,1503.99,1538.5665,0,0.0,1527.46,1680.2060000000001,1374.7140000000002,38262.26381658965,38262.26381658965,0,0.0,0.6173773618341035
2024-01-24,1515.36,1512.57,1519.86,1491.7,3321635.0,1513.106,1536.52,0,0.0,1506.06,1656.6660000000002,1355.454,38262.26381658965,38262.26381658965,0,0.0,0.6173773618341035
2024-01-25,1513.33,1523.73,1526.53,1508.85,3120580.0,1518.152,1535.168,0,0.0,1512.57,1663.827,1361.3129999999999,38262.26381658965,38262.26381658965,0,0.0,0.6173773618341035
2024-01-26,1516.63,1523.1,1529.41,1509.78,2695475.0,1518.584,1531.09,0,0.0,1523.73,1676.103,1371.357,38262.26381658965,38262.26381658965,0,0.0,0.6173773618341035
2024-01-29,1525.87,1534.9,1544.74,1525.87,3142068.0,1520.0720000000001,1527.5549999999998,0,0.0,1523.1,1675.41,1370.79,38262.26381658965,38262.26381658965,0,0.0,0.6173773618341035
2024-01-30,1534.88,1500.48,1534.88,1497.69,3086633.0,1518.956,1524.2055,0,0.0,1534.9,1688.3900000000003,1381.41,38262.26381658965,38262.26381658965,0,0.0,0.6173773618341035
2024-01-31,1500.48,1492.95,1506.96,1486.65,2964912.0,1515.032,1520.0615,0,0.0,1500.48,1650.5280000000002,1350.432,38262.26381658965,38262.26381658965,0,0.0,0.6173773618341035
2024-02-01,1493.5,1497.72,1510.61,1489.32,2648515.0,1509.8300000000002,1517.319,0,0.0,1492.95,1642.2450000000001,1343.655,38262.26381658965,38262.26381658965,0,0.0,0.6173773618341035
2024-02-02,1502.34,1484.66,1514.23,1470.71,3938202.0,1502.142,1514.1855,0,0.0,1497.72,1647.4920000000002,1347.948,38262.26381658965,38262.26381658965,0,0.0,0.6173773618341035
2024-02-05,1484.66,1516.3,1523.21,1483.97,5313036.0,1498.422,1513.535,0,0.0,1484.66,1633.1260000000002,1336.1940000000002,38262.26381658965,38262.26381658965,0,0.0,0.6173773618341035
2024-02-06,1516.3,1559.08,1567.9,1512.66,5247204.0,1510.142,1515.1625,0,0.0,1516.3,1667.93,1364.67,38262.26381658965,38262.26381658965,0,0.0,0.6173773618341035
2024-02-07,1563.76,1591.63,1594.98,1545.7,5260107.0,1529.8780000000002,1518.3944999999999,1,24.0,1559.08,1714.988,1403.172,38246.98302261605,47.86302261604578,1,-0.0003993698346457242,0.6175301697738396
2024-02-08,1600.02,1586.99,1604.67,1567.46,4675654.0,1547.732,1521.1585,0,24.0,1591.63,1750.7930000000003,1432.467,38135.62302261605,47.86302261604578,0,-0.0029116022023005783,0.6186437697738395
2024-02-19,1616.64,1577.16,1616.69,1570.25,3697744.0,1566.232,1523.5945,0,24.0,1586.99,1745.689,1428.291,37899.70302261605,47.86302261604578,0,-0.006186341832152276,0.6210029697738395
2024-02-20,1578.95,1553.5,1578.95,1541.0,3447007.0,1573.672,1524.9895000000001,0,24.0,1577.16,1734.8760000000002,1419.4440000000002,37331.863022616046,47.86302261604578,0,-0.014982703153667343,0.6266813697738396
2024-02-21,1549.8,1597.84,1610.25,1546.06,4615407.0,1581.424,1528.6280000000002,0,24.0,1553.5,1708.8500000000001,1398.15,38396.02302261604,47.86302261604578,0,0.028505408351983785,0.6160397697738396
2024-02-22,1588.39,1598.51,1602.81,1581.9,2279361.0,1582.8,1535.2040000000002,0,24.0,1597.84,1757.624,1438.056,38412.103022616044,47.86302261604578,0,0.0004187933732233695,0.6158789697738396
2024-02-23,1591.74,1594.52,1604.09,1581.43,2730589.0,1584.306,1540.0049999999999,0,24.0,1598.51,1758.361,1438.659,38316.34302261604,47.86302261604578,0,-0.002492964260343178,0.6168365697738396
2024-02-26,1588.85,1576.74,1589.54,1567.47,2731832.0,1584.2220000000002,1542.795,0,24.0,1594.52,1753.9720000000002,1435.068,37889.62302261605,47.86302261604578,0,-0.01113676218391002,0.6211037697738395
2024-02-27,1565.6,1571.64,1574.82,1560.94,2207985.0,1587.85,1545.004,0,24.0,1576.74,1734.4140000000002,1419.066,37767.22302261605,47.86302261604578,0,-0.0032304359409155436,0.6223277697738395
2024-02-28,1571.1,1564.25,1578.22,1557.23,3186731.0,1581.132,1547.9135,0,24.0,1571.64,1728.8040000000003,1414.476,37589.863022616046,47.86302261604578,0,-0.004696135585446459,0.6241013697738396
2024-02-29,1564.25,1576.76,1578.15,1562.06,2475833.0,1576.782,1551.123,0,24.0,1564.25,1720.6750000000002,1407.825,37890.103022616044,47.86302261604578,0,0.007987259751900622,0.6210989697738396
2024-03-01,1572.11,1567.51,1576.73,1559.72,2686796.0,1571.3799999999999,1553.3120000000001,0,24.0,1576.76,1734.4360000000001,1419.084,37668.103022616044,47.86302261604578,0,-0.005859049785836956,0.6233189697738396
2024-03-04,1561.87,1559.36,1563.73,1553.55,2648477.0,1567.904,1555.125,0,24.0,1567.51,1724.2610000000002,1410.759,37472.503022616045,47.86302261604578,0,-0.005192722338116185,0.6252749697738396
2024-03-05,1554.26,1576.85,1578.62,1550.41,3623837.0,1568.946,1557.2225,0,24.0,1559.36,1715.296,1403.424,37892.26302261604,47.86302261604578,0,0.011201813760523427,0.6210773697738396
2024-03-06,1573.04,1563.32,1576.76,1560.96,2214248.0,1568.7599999999998,1560.3645000000001,0,24.0,1576.85,1734.535,1419.165,37567.543022616046,47.86302261604578,0,-0.00856955943238824,0.6243245697738395
2024-03-07,1562.8,1566.18,1571.92,1560.94,2159912.0,1566.644,1564.026,0,24.0,1563.32,1719.652,1406.988,37636.183022616045,47.86302261604578,0,0.0018271091074195667,0.6236381697738396
2024-03-08,1563.33,1554.83,1569.02,1553.55,2215623.0,1564.108,1566.8815,-1,0.0,1566.18,1722.7980000000002,1409.5620000000001,33867.20217621605,33867.20217621605,-1,-0.10014248374058465,0.6613279782378394
2024-03-11,1558.15,1576.28,1580.37,1556.46,2989509.0,1567.492,1571.4625,0,0.0,1554.83,1710.313,1399.347,33867.20217621605,33867.20217621605,0,0.0,0.6613279782378394
2024-03-12,1575.77,1623.27,1627.08,1572.57,5422654.0,1576.7759999999998,1576.8110000000001,0,0.0,1576.28,1733.9080000000001,1418.652,33867.20217621605,33867.20217621605,0,0.0,0.6613279782378394
2024-03-13,1618.59,1606.94,1626.06,1600.11,2649954.0,1585.5,1579.204,1,21.0,1623.27,1785.5970000000002,1460.943,33853.70286784385,107.96286784385302,1,-0.00039859532245867246,0.6614629713215615
2024-03-14,1599.08,1596.88,1613.82,1592.11,1940479.0,1591.6399999999999,1579.4665,0,21.0,1606.94,1767.6340000000002,1446.246,33642.442867843856,107.96286784385302,0,-0.006240380877232221,0.6635755713215614
2024-03-15,1593.04,1597.68,1611.55,1592.57,1783358.0,1600.21,1580.001,0,21.0,1596.88,1756.5680000000002,1437.1920000000002,33659.24286784385,107.96286784385302,0,0.0004993692065107247,0.6634075713215614
2024-03-18,1595.36,1589.09,1599.87,1580.48,2605501.0,1602.7720000000002,1580.5975,0,21.0,1597.68,1757.4480000000003,1437.912,33478.85286784385,107.96286784385302,0,-0.005359300585228932,0.6652114713215616
2024-03-19,1584.2,1588.87,1599.96,1575.0,2394753.0,1595.8919999999998,1582.366,0,21.0,1589.09,1747.999,1430.181,33474.23286784385,107.96286784385302,0,-0.00013799755978016748,0.6652576713215616
2024-03-20,1584.54,1590.34,1594.14,1581.62,1524925.0,1592.572,1581.991,0,21.0,1588.87,1747.757,1429.983,33505.10286784385,107.96286784385302,0,0.0009222018655925535,0.6649489713215615
2024-03-21,1588.94,1589.78,1599.08,1585.6,1659597.0,1591.152,1581.5544999999997,0,21.0,1590.34,1749.374,1431.306,33493.34286784385,107.96286784385302,0,-0.0003509913115739005,0.6650665713215616
2024-03-22,1586.09,1582.67,1589.77,1570.25,2545614.0,1588.15,1580.962,0,21.0,1589.78,1748.758,1430.802,33344.03286784385,107.96286784385302,0,-0.004457900801037917,0.6665596713215615
2024-03-25,1580.05,1571.19,1580.27,1563.34,2447285.0,1584.57,1580.6844999999998,0,21.0,1582.67,1740.9370000000001,1424.403,33102.95286784385,107.96286784385302,0,-0.007230079245527987,0.6689704713215615
2024-03-26,1569.74,1590.05,1593.32,1569.74,2806907.0,1584.806,1581.605,0,21.0,1571.19,1728.3090000000002,1414.0710000000001,33499.01286784385,107.96286784385302,0,0.011964491554006695,0.6650098713215615
2024-03-27,1586.06,1582.34,1592.57,1580.48,1811258.0,1583.2060000000001,1582.5095,0,21.0,1590.05,1749.055,1431.045,33337.10286784385,107.96286784385302,0,-0.0048332767487431205,0.6666289713215615
2024-03-28,1576.76,1582.94,1598.15,1575.08,2464218.0,1581.838,1582.8184999999999,-1,0.0,1582.34,1740.574,1424.106,30005.217000043853,30005.217000043853,-1,-0.09994527361925787,0.6999478299995615
2024-03-29,1582.94,1584.11,1591.63,1579.64,1345655.0,1582.126,1583.6485,0,0.0,1582.94,1741.2340000000002,1424.6460000000002,30005.217000043853,30005.217000043853,0,0.0,0.6999478299995615
2024-04-01,1590.7,1601.25,1613.04,1589.5,2713137.0,1588.138,1585.743,1,18.0,1584.11,1742.521,1425.6989999999998,29993.687135368855,1171.1871353688548,1,-0.00038426199933772054,0.7000631286463115
2024-04-02,1601.88,1594.42,1604.66,1586.11,2544925.0,1589.012,1586.6215,0,18.0,1601.25,1761.3750000000002,1441.125,29870.747135368856,1171.1871353688548,0,-0.004098862518807422,0.7012925286463114
2024-04-03,1613.04,1595.47,1618.1,1590.73,2904580.0,1591.638,1588.229,0,18.0,1594.42,1753.8620000000003,1434.978,29889.647135368854,1171.1871353688548,0,0.0006327260551719505,0.7011035286463114
2024-04-08,1576.76,1550.4,1577.69,1546.62,5916659.0,1585.1299999999999,1587.44,-1,0.0,1595.47,1755.0170000000003,1435.923,27010.047151168856,27010.047151168856,-1,-0.09634104983435976,0.7298995284883115
2024-04-09,1544.82,1546.27,1556.29,1542.76,2558982.0,1577.5620000000001,1587.012,0,0.0,1550.4,1705.4400000000003,1395.3600000000001,27010.047151168856,27010.047151168856,0,0.0,0.7298995284883115
2024-04-10,1546.31,1533.02,1548.84,1530.25,2763050.0,1563.916,1584.849,0,0.0,1546.27,1700.8970000000002,1391.643,27010.047151168856,27010.047151168856,0,0.0,0.7298995284883115
2024-04-11,1525.7,1533.04,1534.9,1520.66,2276624.0,1551.64,1580.3375,0,0.0,1533.02,1686.3220000000001,1379.718,27010.047151168856,27010.047151168856,0,0.0,0.7298995284883115
2024-04-12,1535.83,1520.04,1547.92,1520.04,2674433.0,1536.554,1575.9925,0,0.0,1533.04,1686.344,1379.736,27010.047151168856,27010.047151168856,0,0.0,0.7298995284883115
2024-04-15,1520.95,1556.27,1558.72,1520.93,3581771.0,1537.728,1573.962,0,0.0,1520.04,1672.044,1368.036,27010.047151168856,27010.047151168856,0,0.0,0.7298995284883115
2024-04-16,1549.31,1553.5,1562.4,1543.27,2626623.0,1539.174,1571.753,0,0.0,1556.27,1711.8970000000002,1400.643,27010.047151168856,27010.047151168856,0,0.0,0.7298995284883115
2024-04-17,1551.64,1550.71,1558.34,1542.34,2481911.0,1542.712,1569.834,0,0.0,1553.5,1708.8500000000001,1398.15,27010.047151168856,27010.047151168856,0,0.0,0.7298995284883115
2024-04-18,1543.28,1554.23,1565.58,1542.51,2656841.0,1546.95,1568.102,0,0.0,1550.71,1705.7810000000002,1395.6390000000001,27010.047151168856,27010.047151168856,0,0.0,0.7298995284883115
2024-04-19,1544.93,1531.77,1552.11,1526.79,2349992.0,1549.2959999999998,1565.1735,0,0.0,1554.23,1709.6530000000002,1398.807,27010.047151168856,27010.047151168856,0,0.0,0.7298995284883115
2024-04-22,1538.62,1558.21,1561.76,1530.25,2995139.0,1549.684,1563.595,0,0.0,1531.77,1684.9470000000001,1378.593,27010.047151168856,27010.047151168856,0,0.0,0.7298995284883115
2024-04-23,1558.15,1574.23,1576.76,1558.15,2497995.0,1553.83,1563.173,0,0.0,1558.21,1714.0310000000002,1402.3890000000001,27010.047151168856,27010.047151168856,0,0.0,0.7298995284883115
2024-04-24,1578.6,1575.46,1581.33,1565.9,1708643.0,1558.78,1563.3865,0,0.0,1574.23,1731.6530000000002,1416.807,27010.047151168856,27010.047151168856,0,0.0,0.7298995284883115
2024-04-25,1572.41,1574.94,1577.32,1564.9,1447648.0,1562.922,1562.631,1,17.0,1575.46,1733.006,1417.914,26999.336755949455,225.35675594945496,1,-0.0003965337475887454,0.7300066324405055
2024-04-26,1575.83,1590.18,1594.43,1575.81,3099592.0,1574.604,1563.0230000000001,0,17.0,1574.94,1732.4340000000002,1417.4460000000001,27258.416755949456,225.35675594945496,0,0.009595791272276832,0.7274158324405054
2024-04-29,1578.57,1585.13,1607.46,1575.66,4133223.0,1579.988,1563.1325,0,17.0,1590.18,1749.1980000000003,1431.162,27172.566755949458,225.35675594945496,0,-0.0031494859282779064,0.7282743324405054
2024-04-30,1586.07,1586.06,1609.21,1586.06,3075989.0,1582.354,1563.23,0,17.0,1585.13,1743.6430000000003,1426.6170000000002,27188.376755949455,225.35675594945496,0,0.0005818368261634177,0.7281162324405054
2024-05-06,1613.01,1637.41,1641.88,1606.53,5990949.0,1594.744,1565.038,0,17.0,1586.06,1744.6660000000002,1427.454,28061.326755949456,225.35675594945496,0,0.03210747032953987,0.7193867324405054
2024-05-07,1642.61,1646.53,1653.78,1634.14,2492452.0,1609.0620000000001,1567.6435,0,17.0,1637.41,1801.1510000000003,1473.669,28216.366755949453,225.35675594945496,0,0.005525041682753917,0.7178363324405055
2024-05-08,1646.24,1640.92,1646.5,1633.2,1476909.0,1619.21,1569.916,0,17.0,1646.53,1811.1830000000002,1481.877,28120.996755949454,225.35675594945496,0,-0.0033799532315722525,0.7187900324405054
2024-05-09,1635.36,1633.5,1641.86,1627.92,2238734.0,1628.884,1574.0710000000001,0,17.0,1640.92,1805.0120000000002,1476.8280000000002,27994.856755949455,225.35675594945496,0,-0.004485616249477853,0.7200514324405054
2024-05-10,1638.25,1617.67,1644.55,1613.03,2620661.0,1635.2060000000001,1577.641,0,17.0,1633.5,1796.8500000000001,1470.15,27725.746755949454,225.35675594945496,0,-0.009612837184559297,0.7227425324405055
2024-05-13,1611.2,1586.99,1611.79,1582.54,3766212.0,1625.122,1580.3395,0,17.0,1617.67,1779.4370000000001,1455.903,27204.186755949457,225.35675594945496,0,-0.018811395941502607,0.7279581324405054
2024-05-14,1586.98,1583.25,1593.75,1581.42,2127417.0,1612.466,1582.85,0,17.0,1586.99,1745.689,1428.291,27140.606755949455,225.35675594945496,0,-0.0023371402560341537,0.7285939324405054
2024-05-15,1583.81,1581.41,1588.85,1580.1,1573876.0,1600.5639999999999,1585.9185,0,17.0,1583.25,1741.575,1424.925,27109.326755949456,225.35675594945496,0,-0.001152516606620857,0.7289067324405054
2024-05-16,1586.06,1585.6,1590.6,1572.11,2967954.0,1590.984,1587.3849999999998,0,17.0,1581.41,1739.5510000000002,1423.269,27180.556755949452,225.35675594945496,0,0.0026275089987015665,0.7281944324405055
2024-05-17,1581.42,1595.36,1596.83,1581.41,2892388.0,1586.522,1589.4779999999998,-1,0.0,1585.6,1744.16,1427.04,24477.758851949457,24477.758851949457,-1,-0.09943865124868678,0.7552224114805054
2024-05-20,1598.14,1589.78,1612.1,1588.95,3142572.0,1587.08,1591.4315000000001,0,0.0,1595.36,1754.896,1435.8239999999998,24477.758851949457,24477.758851949457,0,0.0,0.7552224114805054
2024-05-21,1588.85,1586.06,1590.46,1579.7,1629339.0,1587.642,1593.023,0,0.0,1589.78,1748.758,1430.802,24477.758851949457,24477.758851949457,0,0.0,0.7552224114805054
2024-05-22,1584.2,1579.28,1590.67,1573.04,2028568.0,1587.216,1595.3985,0,0.0,1586.06,1744.6660000000002,1427.454,24477.758851949457,24477.758851949457,0,0.0,0.7552224114805054
2024-05-23,1581.41,1573.98,1587.34,1572.18,1888497.0,1584.8919999999998,1596.1870000000001,0,0.0,1579.28,1737.208,1421.352,24477.758851949457,24477.758851949457,0,0.0,0.7552224114805054
2024-05-24,1574.9,1560.09,1576.76,1560.01,2021663.0,1577.838,1595.48,0,0.0,1573.98,1731.3780000000002,1416.582,24477.758851949457,24477.758851949457,0,0.0,0.7552224114805054
2024-05-27,1560.94,1553.61,1569.74,1551.65,2509791.0,1570.604,1594.3875,0,0.0,1560.09,1716.0990000000002,1404.081,24477.758851949457,24477.758851949457,0,0.0,0.7552224114805054
2024-05-28,1553.87,1548.52,1558.31,1546.99,2352087.0,1563.096,1593.0665,0,0.0,1553.61,1708.971,1398.249,24477.758851949457,24477.758851949457,0,0.0,0.7552224114805054
2024-05-29,1549.78,1557.22,1562.8,1548.85,1965128.0,1558.684,1591.4185,0,0.0,1548.52,1703.372,1393.6680000000001,24477.758851949457,24477.758851949457,0,0.0,0.7552224114805054
2024-05-30,1558.15,1533.97,1558.51,1533.97,3220792.0,1550.682,1588.8605000000002,0,0.0,1557.22,1712.9420000000002,1401.498,24477.758851949457,24477.758851949457,0,0.0,0.7552224114805054
2024-05-31,1535.36,1533.46,1547.46,1533.46,2185665.0,1545.3560000000002,1586.2305000000001,0,0.0,1533.97,1687.3670000000002,1380.573,24477.758851949457,24477.758851949457,0,0.0,0.7552224114805054
2024-06-03,1534.9,1525.03,1535.75,1521.05,3026105.0,1539.6399999999999,1580.6115,0,0.0,1533.46,1686.8060000000003,1380.114,24477.758851949457,24477.758851949457,0,0.0,0.7552224114805054
2024-06-04,1526.06,1537.87,1540.48,1522.39,2084108.0,1537.51,1575.1785,0,0.0,1525.03,1677.5330000000001,1372.527,24477.758851949457,24477.758851949457,0,0.0,0.7552224114805054
2024-06-05,1536.76,1529.32,1542.97,1528.41,1905557.0,1531.9299999999998,1569.5985,0,0.0,1537.87,1691.657,1384.0829999999999,24477.758851949457,24477.758851949457,0,0.0,0.7552224114805054
2024-06-06,1529.0,1525.42,1536.75,1521.79,2561005.0,1530.22,1564.1945,0,0.0,1529.32,1682.252,1376.388,24477.758851949457,24477.758851949457,0,0.0,0.7552224114805054
2024-06-07,1531.3,1506.23,1531.34,1506.07,3352455.0,1524.774,1558.6225,0,0.0,1525.42,1677.9620000000002,1372.8780000000002,24477.758851949457,24477.758851949457,0,0.0,0.7552224114805054
2024-06-11,1491.17,1459.55,1493.04,1457.69,7024676.0,1511.6779999999999,1552.2504999999999,0,0.0,1506.23,1656.853,1355.607,24477.758851949457,24477.758851949457,0,0.0,0.7552224114805054
2024-06-12,1460.48,1462.04,1479.08,1460.48,3317050.0,1496.512,1546.19,0,0.0,1459.55,1605.505,1313.595,24477.758851949457,24477.758851949457,0,0.0,0.7552224114805054
2024-06-13,1466.78,1446.53,1466.89,1444.8,3618597.0,1479.9540000000002,1539.446,0,0.0,1462.04,1608.2440000000001,1315.836,24477.758851949457,24477.758851949457,0,0.0,0.7552224114805054
2024-06-14,1446.52,1446.52,1454.86,1414.39,5951416.0,1464.174,1532.492,0,0.0,1446.53,1591.183,1301.877,24477.758851949457,24477.758851949457,0,0.0,0.7552224114805054
2024-06-17,1425.4,1433.97,1440.73,1405.6,4831816.0,1449.722,1524.4225000000001,0,0.0,1446.52,1591.172,1301.868,24477.758851949457,24477.758851949457,0,0.0,0.7552224114805054
2024-06-18,1424.1,1415.36,1446.1,1410.88,4125825.0,1440.884,1515.7015,0,0.0,1433.97,1577.3670000000002,1290.573,24477.758851949457,24477.758851949457,0,0.0,0.7552224114805054
2024-06-19,1422.36,1425.21,1428.06,1407.27,4126153.0,1433.518,1507.659,0,0.0,1415.36,1556.896,1273.8239999999998,24477.758851949457,24477.758851949457,0,0.0,0.7552224114805054
2024-06-20,1424.26,1424.36,1439.47,1422.37,2471068.0,1429.0839999999998,1499.913,0,0.0,1425.21,1567.7310000000002,1282.689,24477.758851949457,24477.758851949457,0,0.0,0.7552224114805054
2024-06-21,1424.74,1396.73,1428.99,1395.99,4331997.0,1419.126,1491.0504999999998,0,0.0,1424.36,1566.796,1281.924,24477.758851949457,24477.758851949457,0,0.0,0.7552224114805054
2024-06-24,1351.15,1402.0,1413.81,1342.62,6383993.0,1412.732,1483.146,0,0.0,1396.73,1536.4030000000002,1257.057,24477.758851949457,24477.758851949457,0,0.0,0.7552224114805054
2024-06-25,1402.43,1411.59,1427.1,1402.43,4209795.0,1411.9779999999998,1476.045,0,0.0,1402.0,1542.2,1261.8,24477.758851949457,24477.758851949457,0,0.0,0.7552224114805054
2024-06-26,1405.27,1414.03,1425.28,1403.19,2956977.0,1409.742,1469.3205,0,0.0,1411.59,1552.749,1270.431,24477.758851949457,24477.758851949457,0,0.0,0.7552224114805054
2024-06-27,1416.67,1415.23,1418.54,1393.88,3282178.0,1407.916,1462.221,0,0.0,1414.03,1555.433,1272.627,24477.758851949457,24477.758851949457,0,0.0,0.7552224114805054
2024-06-28,1405.27,1393.3,1419.03,1390.08,3858202.0,1407.23,1455.1875,0,0.0,1415.23,1556.7530000000002,1273.707,24477.758851949457,24477.758851949457,0,0.0,0.7552224114805054
2024-07-01,1394.72,1367.65,1398.62,1355.9,3216138.0,1400.36,1446.897,0,0.0,1393.3,1532.63,1253.97,24477.758851949457,24477.758851949457,0,0.0,0.7552224114805054
2024-07-02,1360.65,1415.43,1422.37,1360.65,5185298.0,1401.128,1441.417,0,0.0,1367.65,1504.4150000000002,1230.8850000000002,24477.758851949457,24477.758851949457,0,0.0,0.7552224114805054
2024-07-03,1423.31,1424.26,1436.62,1412.89,3157326.0,1403.174,1435.7365000000002,0,0.0,1415.43,1556.9730000000002,1273.8870000000002,24477.758851949457,24477.758851949457,0,0.0,0.7552224114805054
2024-07-04,1429.01,1410.72,1435.66,1406.35,2437973.0,1402.2720000000002,1429.8065000000001,0,0.0,1424.26,1566.6860000000001,1281.834,24477.758851949457,24477.758851949457,0,0.0,0.7552224114805054
2024-07-05,1404.32,1379.64,1417.79,1376.79,3882938.0,1399.5400000000002,1422.5175,0,0.0,1410.72,1551.7920000000001,1269.6480000000001,24477.758851949457,24477.758851949457,0,0.0,0.7552224114805054
2024-07-08,1370.14,1348.3,1384.17,1347.49,3952705.0,1395.67,1414.621,0,0.0,1379.64,1517.6040000000003,1241.6760000000002,24477.758851949457,24477.758851949457,0,0.0,0.7552224114805054
2024-07-09,1348.3,1365.42,1381.43,1338.9,3362071.0,1385.6680000000001,1409.9145,0,0.0,1348.3,1483.13,1213.47,24477.758851949457,24477.758851949457,0,0.0,0.7552224114805054
2024-07-10,1366.58,1365.01,1391.87,1362.55,2376322.0,1373.818,1405.063,0,0.0,1365.42,1501.9620000000002,1228.8780000000002,24477.758851949457,24477.758851949457,0,0.0,0.7552224114805054
2024-07-11,1376.76,1388.27,1394.83,1367.49,2902014.0,1369.328,1402.15,0,0.0,1365.01,1501.5110000000002,1228.509,24477.758851949457,24477.758851949457,0,0.0,0.7552224114805054
2024-07-12,1398.64,1404.15,1411.35,1391.46,2338634.0,1374.23,1400.0315,0,0.0,1388.27,1527.0970000000002,1249.443,24477.758851949457,24477.758851949457,0,0.0,0.7552224114805054
2024-07-15,1395.78,1400.43,1412.87,1395.78,1917626.0,1384.6560000000002,1398.3545,0,0.0,1404.15,1544.5650000000003,1263.7350000000001,24477.758851949457,24477.758851949457,0,0.0,0.7552224114805054
2024-07-16,1401.48,1401.48,1407.17,1391.08,2031644.0,1391.868,1397.6605,0,0.0,1400.43,1540.4730000000002,1260.3870000000002,24477.758851949457,24477.758851949457,0,0.0,0.7552224114805054
2024-07-17,1401.57,1425.59,1427.11,1395.8,3431101.0,1403.984,1397.6795,1,17.0,1401.48,1541.6280000000002,1261.332,24468.06411289856,233.03411289856012,1,-0.00039606318166363064,0.7553193588710144
2024-07-18,1423.79,1421.9,1438.51,1417.17,2887039.0,1410.7099999999998,1397.5565000000001,0,17.0,1425.59,1568.1490000000001,1283.031,24405.334112898563,233.03411289856012,0,-0.0025637500257704726,0.7559466588710144
2024-07-19,1415.54,1448.59,1451.97,1409.08,3894291.0,1419.598,1400.1495,0,17.0,1421.9,1564.0900000000001,1279.71,24859.06411289856,233.03411289856012,0,0.018591427509291547,0.7514093588710145
2024-07-22,1448.03,1423.31,1452.73,1416.34,2854321.0,1424.174,1401.215,0,17.0,1448.59,1593.449,1303.731,24429.30411289856,233.03411289856012,0,-0.017287859190845856,0.7557069588710144
2024-07-23,1423.31,1381.54,1425.21,1381.54,3094396.0,1420.1860000000001,1399.7125,0,17.0,1423.31,1565.641,1280.979,23719.21411289856,233.03411289856012,0,-0.029067139887340332,0.7628078588710143
2024-07-24,1376.98,1367.31,1389.8,1362.55,2412255.0,1408.53,1397.3765,0,17.0,1381.54,1519.6940000000002,1243.386,23477.30411289856,233.03411289856012,0,-0.010198904518866403,0.7652269588710143
2024-07-25,1367.31,1358.26,1374.89,1348.31,2834656.0,1395.8020000000001,1394.528,0,17.0,1367.31,1504.0410000000002,1230.579,23323.45411289856,233.03411289856012,0,-0.006553137415614807,0.7667654588710144
2024-07-26,1358.26,1350.38,1365.13,1339.66,3235379.0,1376.16,1392.382,-1,0.0,1358.26,1494.086,1222.434,21008.177699498563,21008.177699498563,-1,-0.09926816166219476,0.7899182230050142
2024-07-29,1343.56,1327.43,1350.19,1327.41,3086907.0,1356.984,1390.371,0,0.0,1350.38,1485.4180000000003,1215.342,21008.177699498563,21008.177699498563,0,0.0,0.7899182230050142
2024-07-30,1316.0,1310.31,1320.07,1292.57,5177904.0,1342.7379999999998,1385.115,0,0.0,1327.43,1460.1730000000002,1194.6870000000001,21008.177699498563,21008.177699498563,0,0.0,0.7899182230050142
2024-07-31,1303.77,1349.52,1355.21,1303.77,4327232.0,1339.18,1381.3780000000002,0,0.0,1310.31,1441.3410000000001,1179.279,21008.177699498563,21008.177699498563,0,0.0,0.7899182230050142
2024-08-01,1346.4,1316.17,1348.3,1314.79,3203810.0,1330.7620000000002,1376.6505000000002,0,0.0,1349.52,1484.4720000000002,1214.568,21008.177699498563,21008.177699498563,0,0.0,0.7899182230050142
2024-08-02,1304.25,1315.5,1326.44,1304.25,2192769.0,1323.786,1373.4435,0,0.0,1316.17,1447.7870000000003,1184.553,21008.177699498563,21008.177699498563,0,0.0,0.7899182230050142
2024-08-05,1318.75,1338.82,1354.0,1315.56,3773607.0,1326.0639999999999,1372.9695,0,0.0,1315.5,1447.0500000000002,1183.95,21008.177699498563,21008.177699498563,0,0.0,0.7899182230050142
2024-08-06,1350.2,1333.78,1352.1,1323.63,2744433.0,1330.758,1371.3875,0,0.0,1338.82,1472.702,1204.9379999999999,21008.177699498563,21008.177699498563,0,0.0,0.7899182230050142
2024-08-07,1334.54,1344.03,1350.19,1327.7,2062221.0,1329.6599999999999,1370.3384999999998,0,0.0,1333.78,1467.1580000000001,1200.402,21008.177699498563,21008.177699498563,0,0.0,0.7899182230050142
2024-08-08,1339.76,1358.45,1375.06,1337.86,2513082.0,1338.116,1368.8475,0,0.0,1344.03,1478.433,1209.627,21008.177699498563,21008.177699498563,0,0.0,0.7899182230050142
2024-08-09,1386.31,1364.26,1394.83,1364.26,3013849.0,1347.868,1366.853,0,0.0,1358.45,1494.295,1222.605,21008.177699498563,21008.177699498563,0,0.0,0.7899182230050142
2024-08-12,1357.8,1363.59,1370.14,1354.55,1363203.0,1352.822,1365.011,0,0.0,1364.26,1500.6860000000001,1227.834,21008.177699498563,21008.177699498563,0,0.0,0.7899182230050142
2024-08-13,1360.65,1351.16,1362.55,1340.72,1630843.0,1356.298,1362.4950000000001,0,0.0,1363.59,1499.949,1227.231,21008.177699498563,21008.177699498563,0,0.0,0.7899182230050142
2024-08-14,1351.16,1341.94,1352.96,1340.73,1341431.0,1355.8799999999999,1358.3125,0,0.0,1351.16,1486.2760000000003,1216.044,21008.177699498563,21008.177699498563,0,0.0,0.7899182230050142
2024-08-15,1334.09,1354.85,1363.49,1333.06,2303897.0,1355.1599999999999,1354.9599999999998,1,15.0,1341.94,1476.1340000000002,1207.746,21000.047989816067,677.2979898160665,1,-0.00038697833761613953,0.7899995201018393
2024-08-16,1354.75,1358.94,1363.42,1345.46,1645470.0,1354.096,1350.4775,0,15.0,1354.85,1490.335,1219.365,21061.39798981607,677.2979898160665,0,0.0029214218953097504,0.7893860201018393
2024-08-19,1359.7,1353.47,1385.22,1353.05,2043279.0,1352.0720000000001,1346.9855,0,15.0,1358.94,1494.8340000000003,1223.046,20979.347989816066,677.2979898160665,0,-0.003895752790943785,0.7902065201018392
2024-08-20,1357.7,1350.89,1357.73,1342.61,1859138.0,1352.018,1345.453,0,15.0,1353.47,1488.8170000000002,1218.123,20940.64798981607,677.2979898160665,0,-0.0018446712461599457,0.7905935201018394
2024-08-21,1348.3,1346.01,1355.88,1344.21,1509165.0,1352.8319999999999,1344.388,0,15.0,1350.89,1485.9790000000003,1215.8010000000002,20867.447989816068,677.2979898160665,0,-0.003495593834326405,0.7913255201018393
2024-08-22,1344.51,1338.86,1348.3,1329.32,1952729.0,1349.634,1343.4180000000001,0,15.0,1346.01,1480.611,1211.409,20760.197989816064,677.2979898160665,0,-0.005139583913296164,0.7923980201018394
2024-08-23,1336.91,1343.55,1351.63,1335.12,1532046.0,1346.556,1343.0765,0,15.0,1338.86,1472.746,1204.974,20830.547989816067,677.2979898160665,0,0.003388696005428793,0.7916945201018393
2024-08-26,1345.45,1340.71,1351.97,1332.3,1562841.0,1344.004,1343.7404999999999,0,15.0,1343.55,1477.905,1209.195,20787.947989816068,677.2979898160665,0,-0.0020450734191355124,0.7921205201018393
2024-08-27,1340.71,1333.18,1341.66,1330.37,1365740.0,1340.462,1344.884,-1,0.0,1340.71,1474.7810000000002,1206.6390000000001,18771.45311431607,18771.45311431607,-1,-0.09700307488203597,0.8122854688568393
2024-08-28,1333.18,1318.87,1335.01,1305.58,3166351.0,1335.034,1343.3515,0,0.0,1333.18,1466.4980000000003,1199.862,18771.45311431607,18771.45311431607,0,0.0,0.8122854688568393
2024-08-29,1310.32,1341.94,1346.4,1310.32,2747161.0,1335.65,1344.6399999999999,0,0.0,1318.87,1450.757,1186.983,18771.45311431607,18771.45311431607,0,0.0,0.8122854688568393
2024-08-30,1341.66,1370.32,1384.45,1334.06,3873923.0,1341.0040000000001,1347.3809999999999,0,0.0,1341.94,1476.1340000000002,1207.746,18771.45311431607,18771.45311431607,0,0.0,0.8122854688568393
2024-09-02,1357.8,1324.57,1365.39,1324.57,3413459.0,1337.776,1346.6685,0,0.0,1370.32,1507.352,1233.288,18771.45311431607,18771.45311431607,0,0.0,0.8122854688568393
2024-09-03,1327.41,1338.81,1343.54,1322.69,1788760.0,1338.902,1346.92,0,0.0,1324.57,1457.027,1192.113,18771.45311431607,18771.45311431607,0,0.0,0.8122854688568393
2024-09-04,1331.21,1329.31,1347.53,1329.07,1421109.0,1340.99,1346.184,0,0.0,1338.81,1472.691,1204.929,18771.45311431607,18771.45311431607,0,0.0,0.8122854688568393
2024-09-05,1329.79,1333.95,1335.96,1326.46,1450295.0,1339.392,1344.959,0,0.0,1329.31,1462.241,1196.379,18771.45311431607,18771.45311431607,0,0.0,0.8122854688568393
2024-09-06,1334.06,1327.41,1335.01,1327.41,1032104.0,1330.81,1343.1164999999999,0,0.0,1333.95,1467.3450000000003,1200.555,18771.45311431607,18771.45311431607,0,0.0,0.8122854688568393
2024-09-09,1310.33,1305.58,1323.34,1300.9,2863755.0,1327.012,1340.216,0,0.0,1327.41,1460.1510000000003,1194.669,18771.45311431607,18771.45311431607,0,0.0,0.8122854688568393
2024-09-10,1300.85,1308.42,1322.67,1300.85,1980284.0,1320.934,1338.079,0,0.0,1305.58,1436.1380000000001,1175.022,18771.45311431607,18771.45311431607,0,0.0,0.8122854688568393
2024-09-11,1306.15,1310.32,1315.91,1296.08,2099577.0,1317.136,1336.498,0,0.0,1308.42,1439.2620000000002,1177.5780000000002,18771.45311431607,18771.45311431607,0,0.0,0.8122854688568393
2024-09-12,1310.32,1267.65,1315.07,1267.51,4794831.0,1303.876,1332.1380000000001,0,0.0,1310.32,1441.352,1179.288,18771.45311431607,18771.45311431607,0,0.0,0.8122854688568393
2024-09-13,1263.8,1238.28,1264.75,1231.8,5600511.0,1286.05,1326.105,0,0.0,1267.65,1394.4150000000002,1140.8850000000002,18771.45311431607,18771.45311431607,0,0.0,0.8122854688568393
2024-09-18,1234.36,1202.93,1234.37,1202.71,4618531.0,1265.52,1318.578,0,0.0,1238.28,1362.1080000000002,1114.452,18771.45311431607,18771.45311431607,0,0.0,0.8122854688568393
2024-09-19,1198.28,1197.33,1227.6,1182.93,5998821.0,1243.3020000000001,1310.9,0,0.0,1202.93,1323.2230000000002,1082.6370000000002,18771.45311431607,18771.45311431607,0,0.0,0.8122854688568393
2024-09-20,1197.81,1200.1,1209.58,1186.92,3998184.0,1221.258,1303.6045,0,0.0,1197.33,1317.063,1077.597,18771.45311431607,18771.45311431607,0,0.0,0.8122854688568393
2024-09-23,1203.98,1197.84,1228.19,1197.01,4554969.0,1207.2959999999998,1296.5535,0,0.0,1200.1,1320.11,1080.09,18771.45311431607,18771.45311431607,0,0.0,0.8122854688568393
2024-09-24,1220.21,1303.3,1303.68,1201.22,10041281.0,1220.2999999999997,1294.541,0,0.0,1197.84,1317.624,1078.056,18771.45311431607,18771.45311431607,0,0.0,0.8122854688568393
2024-09-25,1329.36,1328.36,1354.95,1326.19,7395380.0,1245.386,1293.9235,0,0.0,1303.3,1433.63,1172.97,18771.45311431607,18771.45311431607,0,0.0,0.8122854688568393
2024-09-26,1329.28,1451.8,1452.63,1325.52,9727806.0,1296.28,1299.8545,0,0.0,1328.36,1461.196,1195.524,18771.45311431607,18771.45311431607,0,0.0,0.8122854688568393
2024-09-27,1519.22,1546.94,1546.94,1486.32,8792167.0,1365.648,1311.258,1,12.0,1451.8,1596.98,1306.62,18764.02724541767,200.74724541767137,1,-0.00039559371632968965,0.8123597275458233
2024-09-30,1606.57,1659.74,1671.02,1568.59,15729341.0,1458.0279999999998,1327.148,0,12.0,1546.94,1701.6340000000002,1392.246,20117.627245417672,200.74724541767137,0,0.07213803211304559,0.7988237275458232
2024-10-08,1813.56,1636.0,1813.56,1595.35,19470947.0,1524.568,1340.432,0,12.0,1659.74,1825.7140000000002,1493.766,19832.74724541767,200.74724541767137,0,-0.01416071570094779,0.8016725275458233
2024-10-09,1614.17,1514.61,1614.17,1509.72,12019684.0,1561.8179999999998,1349.934,0,12.0,1636.0,1799.6000000000001,1472.4,18376.06724541767,200.74724541767137,0,-0.0734482208629248,0.8162393275458233
2024-10-10,1540.35,1557.2,1583.86,1510.67,7460342.0,1582.898,1360.8535,0,12.0,1514.61,1666.071,1363.149,18887.147245417673,200.74724541767137,0,0.027812262176361235,0.8111285275458233
2024-10-11,1533.84,1523.95,1557.16,1509.72,4191471.0,1578.3,1370.5855,0,12.0,1557.2,1712.9200000000003,1401.48,18488.147245417673,200.74724541767137,0,-0.021125477279095417,0.8151185275458233
2024-10-14,1531.56,1521.1,1538.8,1501.34,4481202.0,1550.572,1379.943,0,12.0,1523.95,1676.3450000000003,1371.555,18453.94724541767,200.74724541767137,0,-0.0018498338176358153,0.8154605275458233
2024-10-15,1518.27,1475.78,1520.16,1474.6,4357143.0,1518.5279999999998,1387.3615,0,12.0,1521.1,1673.21,1368.99,17910.107245417672,200.74724541767137,0,-0.02947011784348952,0.8208989275458233
2024-10-16,1463.08,1445.63,1471.55,1433.76,4666440.0,1504.732,1394.364,0,0.0,1475.78,1623.3580000000002,1328.202,16134.389718217672,16134.389718217672,-1,-0.09914611358088432,0.8386561028178232
2024-10-17,1459.4,1419.14,1460.02,1418.01,3945955.0,1477.12,1399.9,0,0.0,1445.63,1590.1930000000002,1301.0670000000002,16134.389718217672,16134.389718217672,0,0.0,0.8386561028178232
2024-10-18,1417.62,1463.19,1488.68,1404.29,6861930.0,1464.968,1407.5435,0,0.0,1419.14,1561.0540000000003,1277.226,16134.389718217672,16134.389718217672,0,0.0,0.8386561028178232
2024-10-21,1463.39,1451.61,1471.71,1444.4,4200790.0,1451.0700000000002,1416.7414999999999,0,0.0,1463.19,1609.5090000000002,1316.871,16134.389718217672,16134.389718217672,0,0.0,0.8386561028178232
2024-10-22,1449.48,1465.09,1481.41,1447.24,3626913.0,1448.932,1428.0819999999999,0,0.0,1451.61,1596.771,1306.4489999999998,16134.389718217672,16134.389718217672,0,0.0,0.8386561028178232
2024-10-23,1466.15,1488.36,1497.33,1454.65,4008846.0,1457.478,1442.3535,0,0.0,1465.09,1611.599,1318.581,16134.389718217672,16134.389718217672,0,0.0,0.8386561028178232
2024-10-24,1482.18,1473.83,1495.48,1467.0,2392280.0,1468.416,1456.1785,0,0.0,1488.36,1637.196,1339.524,16134.389718217672,16134.389718217672,0,0.0,0.8386561028178232
2024-10-25,1468.89,1480.14,1495.28,1467.95,2774508.0,1471.806,1470.1805,0,0.0,1473.83,1621.213,1326.447,16134.389718217672,16134.389718217672,0,0.0,0.8386561028178232
2024-10-28,1481.23,1485.98,1485.98,1445.37,3912140.0,1478.6799999999998,1484.5875,-1,0.0,1480.14,1628.1540000000002,1332.1260000000002,16134.389718217672,16134.389718217672,0,0.0,0.8386561028178232
2024-10-29,1481.23,1454.29,1500.23,1452.75,4116578.0,1476.52,1492.1370000000002,0,0.0,1485.98,1634.5780000000002,1337.382,16134.389718217672,16134.389718217672,0,0.0,0.8386561028178232
2024-10-30,1448.0,1454.65,1472.87,1446.49,3200574.0,1469.778,1498.4515,0,0.0,1454.29,1599.719,1308.861,16134.389718217672,16134.389718217672,0,0.0,0.8386561028178232
2024-10-31,1454.79,1450.65,1462.24,1443.25,2995735.0,1465.142,1498.394,0,0.0,1454.65,1600.1150000000002,1309.1850000000002,16134.389718217672,16134.389718217672,0,0.0,0.8386561028178232
2024-11-01,1444.2,1456.31,1467.12,1444.01,3228392.0,1460.376,1493.8625,0,0.0,1450.65,1595.7150000000001,1305.585,16134.389718217672,16134.389718217672,0,0.0,0.8386561028178232
2024-11-04,1466.93,1470.03,1471.74,1450.91,2909292.0,1457.1860000000001,1484.377,0,0.0,1456.31,1601.941,1310.679,16134.389718217672,16134.389718217672,0,0.0,0.8386561028178232
2024-11-05,1462.24,1497.37,1498.04,1458.46,4564047.0,1465.8020000000001,1477.4455,0,0.0,1470.03,1617.0330000000001,1323.027,16134.389718217672,16134.389718217672,0,0.0,0.8386561028178232
2024-11-06,1495.48,1491.68,1508.76,1482.39,3763143.0,1473.208,1476.299,0,0.0,1497.37,1647.107,1347.633,16134.389718217672,16134.389718217672,0,0.0,0.8386561028178232
2024-11-07,1483.57,1565.87,1570.01,1483.42,7473872.0,1496.252,1476.7324999999998,1,10.0,1491.68,1640.8480000000002,1342.5120000000002,16128.125768456672,469.4257684566728,1,-0.0003882359277541658,0.8387187423154333
2024-11-08,1577.03,1528.68,1582.94,1520.17,6077120.0,1510.7259999999999,1476.969,0,10.0,1565.87,1722.457,1409.283,15756.225768456674,469.4257684566728,0,-0.0230590959755137,0.8424377423154332
2024-11-11,1509.72,1517.33,1528.66,1488.06,4385365.0,1520.1860000000001,1476.7805,0,10.0,1528.68,1681.5480000000002,1375.8120000000001,15642.725768456672,469.4257684566728,0,-0.007203501756570696,0.8435727423154333
2024-11-12,1508.77,1497.57,1541.05,1494.48,4922266.0,1520.226,1477.8700000000001,0,10.0,1517.33,1669.063,1365.597,15445.125768456672,469.4257684566728,0,-0.012632069559031622,0.8455487423154333
2024-11-13,1488.83,1498.8,1506.55,1482.45,2912526.0,1521.65,1480.5285,0,10.0,1497.57,1647.327,1347.8129999999999,15457.425768456673,469.4257684566728,0,0.0007963677463294072,0.8454257423154333
2024-11-14,1490.73,1494.34,1513.95,1486.6,2924814.0,1507.3439999999998,1484.2885,0,10.0,1498.8,1648.68,1348.92,15412.825768456672,469.4257684566728,0,-0.002885344601881501,0.8458717423154333
2024-11-15,1489.78,1480.29,1503.83,1474.59,3376112.0,1497.6659999999997,1485.1435000000001,0,0.0,1494.34,1643.7740000000001,1344.906,13914.451050456673,13914.451050456673,-1,-0.0972160939538107,0.8608554894954333
2024-11-18,1483.13,1480.29,1496.42,1476.49,2709219.0,1490.258,1486.5774999999999,0,0.0,1480.29,1628.3190000000002,1332.261,13914.451050456673,13914.451050456673,0,0.0,0.8608554894954333
2024-11-19,1485.98,1464.07,1490.13,1448.0,3326643.0,1483.5579999999998,1486.5265,-1,0.0,1480.29,1628.3190000000002,1332.261,13914.451050456673,13914.451050456673,0,0.0,0.8608554894954333
2024-11-20,1465.09,1466.81,1475.51,1453.98,2134455.0,1477.16,1485.449,0,0.0,1464.07,1610.477,1317.663,13914.451050456673,13914.451050456673,0,0.0,0.8608554894954333
2024-11-21,1465.92,1467.12,1470.78,1454.65,1826179.0,1471.716,1485.1135,0,0.0,1466.81,1613.491,1320.129,13914.451050456673,13914.451050456673,0,0.0,0.8608554894954333
2024-11-22,1463.34,1431.69,1469.62,1431.69,3343611.0,1461.9959999999999,1482.691,0,0.0,1467.12,1613.832,1320.408,13914.451050456673,13914.451050456673,0,0.0,0.8608554894954333
2024-11-25,1434.71,1422.91,1454.65,1421.1,3318556.0,1450.52,1479.5375,0,0.0,1431.69,1574.8590000000002,1288.5210000000002,13914.451050456673,13914.451050456673,0,0.0,0.8608554894954333
2024-11-26,1422.91,1432.81,1442.19,1413.71,2574479.0,1444.268,1478.4634999999998,0,0.0,1422.91,1565.2010000000002,1280.6190000000001,13914.451050456673,13914.451050456673,0,0.0,0.8608554894954333
2024-11-27,1432.81,1442.35,1445.3,1429.01,2593417.0,1439.376,1477.8485,0,0.0,1432.81,1576.0910000000001,1289.529,13914.451050456673,13914.451050456673,0,0.0,0.8608554894954333
2024-11-28,1445.15,1441.36,1447.99,1426.16,2395203.0,1434.224,1477.384,0,0.0,1442.35,1586.585,1298.115,13914.451050456673,13914.451050456673,0,0.0,0.8608554894954333
2024-11-29,1440.41,1448.7,1476.49,1436.81,3608810.0,1437.626,1477.0035,0,0.0,1441.36,1585.496,1297.224,13914.451050456673,13914.451050456673,0,0.0,0.8608554894954333
2024-12-02,1448.95,1448.0,1452.74,1438.6,2681954.0,1442.6439999999998,1475.9019999999998,0,0.0,1448.7,1593.5700000000002,1303.8300000000002,13914.451050456673,13914.451050456673,0,0.0,0.8608554894954333
2024-12-03,1447.05,1449.65,1451.71,1439.53,2480662.0,1446.0120000000002,1473.516,0,0.0,1448.0,1592.8000000000002,1303.2,13914.451050456673,13914.451050456673,0,0.0,0.8608554894954333
2024-12-04,1443.32,1443.25,1446.73,1433.76,2392389.0,1446.192,1471.0945,0,0.0,1449.65,1594.6150000000002,1304.6850000000002,13914.451050456673,13914.451050456673,0,0.0,0.8608554894954333
2024-12-05,1434.58,1434.71,1441.22,1433.76,1614147.0,1444.862,1464.5365,0,0.0,1443.25,1587.575,1298.925,13914.451050456673,13914.451050456673,0,0.0,0.8608554894954333
2024-12-06,1436.61,1444.21,1461.2,1431.93,3203969.0,1443.9640000000002,1460.3129999999999,0,0.0,1434.71,1578.1810000000003,1291.239,13914.451050456673,13914.451050456673,0,0.0,0.8608554894954333
2024-12-09,1445.17,1442.12,1452.48,1436.8,1979986.0,1442.788,1456.5525,0,0.0,1444.21,1588.631,1299.789,13914.451050456673,13914.451050456673,0,0.0,0.8608554894954333
2024-12-10,1490.73,1468.5,1499.97,1467.16,6031210.0,1446.558,1455.099,0,0.0,1442.12,1586.332,1297.908,13914.451050456673,13914.451050456673,0,0.0,0.8608554894954333
2024-12-11,1462.24,1458.07,1476.49,1453.68,2967112.0,1449.522,1453.0625,0,0.0,1468.5,1615.3500000000001,1321.65,13914.451050456673,13914.451050456673,0,0.0,0.8608554894954333
2024-12-12,1454.67,1486.74,1486.93,1451.8,4193652.0,1459.9279999999999,1452.6825,1,9.0,1458.07,1603.877,1312.263,13909.098385036874,528.438385036874,1,-0.00038468390886492454,0.8609090161496312
2024-12-13,1471.75,1442.3,1476.48,1442.19,4951197.0,1459.5459999999998,1450.783,0,9.0,1486.74,1635.4140000000002,1338.066,13509.138385036873,528.438385036874,0,-0.0287552786620785,0.8649086161496312
2024-12-16,1444.2,1450.09,1451.8,1434.43,3253710.0,1461.1399999999999,1449.273,0,9.0,1442.3,1586.53,1298.07,13579.248385036874,528.438385036874,0,0.005189820253648225,0.8642075161496313
2024-12-17,1448.94,1479.34,1489.78,1444.21,5417163.0,1463.3079999999998,1450.0365,0,9.0,1450.09,1595.099,1305.081,13842.498385036874,528.438385036874,0,0.01938619815586251,0.8615750161496313
2024-12-18,1479.31,1492.15,1497.38,1468.99,4116226.0,1470.124,1451.3035,0,9.0,1479.34,1627.2740000000001,1331.406,13957.788385036874,528.438385036874,0,0.008328698822506198,0.8604221161496314
2024-12-19,1486.12,1472.7,1488.76,1472.05,2480932.0,1467.316,1451.5825,0,9.0,1492.15,1641.3650000000002,1342.9350000000002,13782.738385036875,528.438385036874,0,-0.012541385151508488,0.8621726161496313
2024-12-20,1476.56,1467.75,1486.85,1465.84,2815774.0,1472.406,1453.3854999999999,0,9.0,1472.7,1619.9700000000003,1325.43,13738.188385036874,528.438385036874,0,-0.0032323039700417056,0.8626181161496312
2024-12-23,1468.72,1472.04,1483.18,1462.93,2160269.0,1476.7959999999998,1455.842,0,9.0,1467.75,1614.525,1320.9750000000001,13776.798385036875,528.438385036874,0,0.0028104142204115057,0.8622320161496312
2024-12-24,1470.65,1483.97,1488.97,1467.36,2210492.0,1477.722,1458.4,0,9.0,1472.04,1619.2440000000001,1324.836,13884.168385036874,528.438385036874,0,0.007793537874272394,0.8611583161496312
2024-12-25,1483.95,1475.47,1483.95,1471.71,1712339.0,1474.386,1460.056,0,9.0,1483.97,1632.3670000000002,1335.573,13807.668385036874,528.438385036874,0,-0.005509872675013461,0.8619233161496312
2024-12-26,1479.33,1473.34,1483.94,1468.72,1828651.0,1474.514,1461.6550000000002,0,9.0,1475.47,1623.017,1327.923,13788.498385036874,528.438385036874,0,-0.001388358951376234,0.8621150161496313
2024-12-27,1474.41,1474.48,1481.25,1465.34,2075932.0,1475.8600000000001,1462.944,0,9.0,1473.34,1620.674,1326.0059999999999,13798.758385036874,528.438385036874,0,0.0007440984299735831,0.8620124161496313
2024-12-30,1479.3,1470.65,1488.93,1470.65,2512982.0,1475.5819999999999,1464.0765000000001,0,9.0,1474.48,1621.928,1327.0320000000002,13764.288385036874,528.438385036874,0,-0.0024980508418335212,0.8623571161496313
2024-12-31,1471.03,1469.68,1489.93,1467.76,3935445.0,1472.724,1465.078,0,9.0,1470.65,1617.7150000000001,1323.585,13755.558385036875,528.438385036874,0,-0.000634250006668724,0.8624444161496313
