short_window,long_window,累计收益率,年化收益率,最大回撤,Sharpe比率,交易次数,最终资金
15,45,0.5544119331101405,0.09222779517479784,0.2279536952461031,0.8074085000286462,25,155441.19331101404
15,50,0.49454159564591293,0.0836813551243305,0.19687734723720415,0.7426740549828889,27,149454.1595645913
20,45,0.4693708424924128,0.0800062867389284,0.223422940866855,0.7108136512623345,26,146937.08424924128
10,50,0.4555533466818047,0.07796739592790192,0.22641473260784287,0.6718713417076164,27,145555.33466818047
10,55,0.4416153411498751,0.0758949748010469,0.21731224828779327,0.669742215633033,27,144161.5341149875
5,25,0.4294540148160082,0.07407358937311415,0.2862323305610724,0.5409773865051538,51,142945.40148160083
20,70,0.4135167832838771,0.07166782975537767,0.1499449491033007,0.7238071835519395,18,141351.6783283877
30,75,0.3940246168105277,0.06869576551053402,0.20528411632882254,0.667007910063452,15,139402.46168105278
10,45,0.3903653894168284,0.06813412358754078,0.2240645970874803,0.5905898129269046,29,139036.53894168284
10,20,0.36304547737984794,0.06390308746484519,0.3589889451520067,0.4666312671478751,71,136304.5477379848
5,40,0.3437154967512033,0.06086828238876829,0.21193547967463366,0.5287007613794061,35,134371.54967512033
5,50,0.3180720268564794,0.05678789169005416,0.21265657942892574,0.5057651380585267,29,131807.20268564794
30,65,0.3051047876206212,0.05470031705893308,0.19279381640195759,0.5650058310079452,20,130510.47876206212
20,65,0.299657619313765,0.053818434507138635,0.14544859898015366,0.5555881030396145,22,129965.7619313765
5,30,0.2693379514030765,0.04885500032589918,0.31222163899014144,0.3882861340587821,51,126933.79514030764
25,65,0.2573238402625837,0.046861986536007816,0.19447991389080746,0.5000885377492957,18,125732.38402625837
30,60,0.25704351970482797,0.04681530276201551,0.2096361296567442,0.4999338060258718,20,125704.35197048279
25,40,0.2556062035631341,0.04657580538060113,0.1948941928365129,0.42580748694139775,40,125560.62035631342
20,60,0.25255721067102765,0.04606703022564407,0.18872413488229003,0.49209095267403796,24,125255.72106710277
20,75,0.2519049562594975,0.04595806210920439,0.152992128676466,0.47574158411438594,18,125190.49562594976
5,35,0.23958154288930578,0.04389068012124664,0.23779166998474854,0.36022619734755557,49,123958.15428893057
25,55,0.23079722606577957,0.04240695836751707,0.19999965437069425,0.44129410608080344,22,123079.72260657795
5,55,0.22643343939024252,0.04166673789633779,0.22571400443532957,0.37049386213439084,35,122643.34393902424
5,45,0.2233277331907988,0.04113863867021861,0.22244924250562614,0.3788668087008086,39,122332.77331907988
20,50,0.2201383287888159,0.04059518977527632,0.2181693254525334,0.4102636717691283,24,122013.83287888159
15,35,0.19880288596221773,0.03693027811344929,0.21274805312268516,0.3378200167364916,35,119880.28859622178
5,60,0.18818593467701827,0.035087064917855404,0.17834539772753935,0.3351989494424723,35,118818.59346770184
5,20,0.18008325646290624,0.03367147013966143,0.3474385314027809,0.2922282331187853,73,118008.32564629063
10,60,0.1779522361127206,0.03329787483947033,0.20813043137622395,0.34220166407182734,27,117795.22361127206
25,70,0.17427472861186755,0.032651886862839596,0.21344061935352968,0.35376940669861323,18,117427.47286118675
15,85,0.16913969984523658,0.031747158732425396,0.17327820623926776,0.35203004109175107,20,116913.96998452366
30,55,0.16829716581675536,0.031598411277204974,0.1921957042664575,0.35149829994886267,20,116829.71658167554
30,80,0.1525996735561117,0.028811235440139082,0.19220445935790537,0.3130875693383269,15,115259.96735561118
15,80,0.15045233008526848,0.028427605403577916,0.18442978211676966,0.31578823223630814,20,115045.23300852685
30,50,0.15043611100222987,0.028424705631660663,0.19308785248239735,0.3185881634962039,20,115043.61110022299
20,40,0.14864644203661714,0.028104533807860932,0.22208835737206548,0.28215515611197267,28,114864.64420366171
30,85,0.14288948306902793,0.02707189974216151,0.2083351230778998,0.30103702194811954,15,114288.94830690279
20,55,0.13981373067588265,0.026518491030023128,0.1736831239951971,0.29881979915945467,22,113981.37306758827
25,50,0.1364583136062869,0.025913399050434993,0.21279466344799045,0.2994143205930959,24,113645.8313606287
30,70,0.12166007081329466,0.023227614001977592,0.21867505430689865,0.2799244597183439,17,112166.00708132946
25,80,0.11786030207271048,0.022533409471158894,0.21877794627075614,0.2754285354555814,15,111786.03020727105
10,30,0.10950063072763183,0.020999456002537942,0.3159426117503245,0.22437556407728765,41,110950.0630727632
15,20,0.09350342584473004,0.01803809496604658,0.3478514565597058,0.19430963808364246,75,109350.342584473
10,75,0.08840376328576016,0.017086774186489517,0.1775337552073974,0.21937021951440402,20,108840.376328576
5,70,0.08268568359913742,0.01601584009104373,0.2031971833574682,0.19138771234579646,30,108268.56835991374
15,30,0.08007507324222729,0.01552539610201742,0.2585028228639911,0.1824582046707495,45,108007.50732422272
10,65,0.06874986522604853,0.013386733640312842,0.17660430175444666,0.17961894616364407,22,106874.98652260486
10,25,0.05129044569300123,0.010053885180675959,0.3387521611233798,0.14420306711742015,47,105129.04456930012
25,60,0.05042870568350866,0.009888243159347665,0.17607196484619145,0.15245441895739364,22,105042.87056835086
10,70,0.04933344612503543,0.009677557493086963,0.17278848842907005,0.14548245850726285,22,104933.34461250354
10,40,0.04905257971268773,0.009623501295599857,0.23113031925151342,0.142076637276116,31,104905.25797126877
20,35,0.042202039169976446,0.008301431385167701,0.23214328639475224,0.13115465570590118,43,104220.20391699763
5,75,0.0404436269602535,0.007960958565337517,0.20488807338708345,0.12838797215839173,36,104044.36269602535
15,25,0.0392745827377472,0.007734347365896399,0.24779406478280305,0.1280844793618513,53,103927.45827377473
5,65,0.030235834848581167,0.005975329866225065,0.21374057493062767,0.11318663929376664,32,103023.58348485811
20,95,0.024414680829797364,0.004835936858711198,0.1795549569603426,0.10050232712441858,13,102441.46808297974
20,25,0.0231732233923152,0.0045922726053688745,0.27009342711681666,0.10689350483538547,65,102317.32233923153
25,35,0.02304021005447421,0.0045661516871635666,0.2785883745012779,0.10233774047885508,46,102304.02100544742
15,40,0.018074131914683766,0.003588972315234251,0.2601438339051776,0.09282865149890362,29,101807.41319146838
20,30,0.015899995147634405,0.0031599650644402733,0.2634167893545168,0.09344069925252438,49,101589.99951476343
15,65,0.012446518505221382,0.002477002188208788,0.1596753423229052,0.07615782248079235,20,101244.65185052215
5,80,0.01241726342935845,0.0024712087207627853,0.23330153656299452,0.08291464007521387,40,101241.72634293584
25,85,0.011680049210481602,0.002325171823109873,0.20457350946116104,0.07604921267145871,13,101168.00492104817
10,35,0.008583700383385962,0.0017108758598940454,0.25234627933093523,0.08198275412149938,37,100858.3700383386
25,75,0.005458624937077383,0.0010893490379337845,0.2434446983898699,0.05935757161887409,16,100545.86249370774
25,90,-0.0015992434262731559,-0.0003200534881668826,0.21243578884014439,0.05000740560524059,13,99840.07565737268
15,75,-0.023449224157005233,-0.004734463372870978,0.16483859419004895,0.005856823863358479,18,97655.07758429948
25,95,-0.026784728400606084,-0.0054152794329737075,0.21741780447674294,0.001362052302656625,15,97321.52715993939
15,70,-0.027872239105033225,-0.005637656813471947,0.1734676902753773,-0.00725035329958965,24,97212.77608949668
15,60,-0.04350274351116601,-0.008856024024437192,0.2508290865539853,-0.031701273747441264,24,95649.7256488834
20,100,-0.05429799185044759,-0.01110344887745518,0.2286073786422902,-0.05058624952473275,13,94570.20081495524
15,55,-0.05462947369250182,-0.011172783026433875,0.25464181103205036,-0.054619806293058286,25,94537.05263074982
25,30,-0.06287495596160497,-0.012903734463560523,0.2689694946510369,-0.028776325862596434,59,93712.5044038395
30,90,-0.08075491176257743,-0.016699491842849246,0.2690103091611219,-0.11976801587491082,13,91924.50882374226
15,100,-0.08266372519649345,-0.017108196370864692,0.2288210814438213,-0.10940494452338313,19,91733.62748035065
25,45,-0.08305669711263608,-0.017192421771767497,0.31176307080819804,-0.08689150782876708,26,91694.3302887364
15,90,-0.09179576593725225,-0.019072964303319617,0.23757365554417958,-0.13150326156991368,18,90820.42340627477
25,100,-0.0962205842682452,-0.02003065802149251,0.24377118443460358,-0.15052578811646003,13,90377.94157317549
10,80,-0.09927443210951215,-0.020693813278114703,0.24389319619972458,-0.14218608374808406,22,90072.55678904879
30,45,-0.11559188460334413,-0.024268010085418124,0.23975594100491113,-0.16281756053447424,30,88440.81153966559
30,100,-0.11819587280665056,-0.02484326312031504,0.2723953007115994,-0.24366161804765687,13,88180.41271933494
5,90,-0.15009550022003648,-0.0320029679767867,0.3129168157192197,-0.20100209119742732,36,84990.44997799635
10,100,-0.15547837193282543,-0.033232248390665964,0.24552035277541456,-0.29431396591000064,22,84452.16280671746
5,85,-0.16424130953611604,-0.03524690556185317,0.31736941218089276,-0.2468715289672966,36,83575.8690463884
30,40,-0.16690326271272682,-0.03586225200833382,0.31525026230758013,-0.24123278795122133,42,83309.67372872731
20,80,-0.17156197323711764,-0.036942971517649026,0.1782593798443907,-0.3835261170608418,14,82843.80267628824
30,95,-0.18433654779047715,-0.039931544281242126,0.3218757531758263,-0.37035492842913714,13,81566.34522095228
10,95,-0.1896650008838474,-0.041189195327515526,0.27497789126190647,-0.37257556200089875,22,81033.49991161526
30,35,-0.1951935253456054,-0.04250108101394767,0.38401882932128095,-0.2824107008533245,56,80480.64746543946
20,85,-0.19607368279656046,-0.04271060187089426,0.22964389183960557,-0.3901850745613767,13,80392.63172034395
5,100,-0.215415962916355,-0.04736201672385543,0.3005235593443511,-0.41816652857241204,24,78458.4037083645
20,90,-0.2191702224712443,-0.048275447324583776,0.24595642247124444,-0.44360315329390215,15,78082.97775287557
10,85,-0.22675628604722597,-0.050131950566037364,0.34375548188166577,-0.4355690814309407,24,77324.3713952774
10,90,-0.23219978049175405,-0.05147311201280724,0.34914039705117483,-0.44289715139447927,24,76780.0219508246
15,95,-0.25096063832470517,-0.05615445981385392,0.26041046152584896,-0.5773326952173218,16,74903.93616752948
5,95,-0.2781451669719601,-0.06310704405019285,0.3145038002902018,-0.5676281289340954,28,72185.48330280399
