date,open,close,high,low,volume,short_ma,long_ma,signal,position,portfolio,cash,returns,max_drawdown
2023-01-03,1567.99,1566.91,1574.54,1545.18,2603380.0,,,0,0.0,100000.0,100000.0,0.0,0.0
2023-01-04,1566.91,1562.39,1574.78,1554.22,2041575.0,,,0,0.0,100000.0,100000.0,0.0,0.0
2023-01-05,1573.25,1631.21,1631.21,1569.62,4794285.0,,,0,0.0,100000.0,100000.0,0.0,0.0
2023-01-06,1635.85,1633.72,1641.08,1618.53,2490375.0,,,0,0.0,100000.0,100000.0,0.0,0.0
2023-01-09,1662.01,1667.62,1675.57,1637.39,3097723.0,1612.3700000000001,,0,0.0,100000.0,100000.0,0.0,0.0
2023-01-10,1665.68,1679.62,1688.73,1657.93,2273173.0,1634.912,,0,0.0,100000.0,100000.0,0.0,0.0
2023-01-11,1681.03,1671.02,1684.65,1663.67,2272031.0,1656.6380000000001,,0,0.0,100000.0,100000.0,0.0,0.0
2023-01-12,1673.78,1661.1,1681.03,1660.19,1719317.0,1662.616,,0,0.0,100000.0,100000.0,0.0,0.0
2023-01-13,1670.32,1709.1,1710.01,1666.53,3193965.0,1677.6919999999998,,0,0.0,100000.0,100000.0,0.0,0.0
2023-01-16,1708.2,1732.56,1752.58,1703.67,3684826.0,1690.6799999999998,,0,0.0,100000.0,100000.0,0.0,0.0
2023-01-17,1732.8,1728.12,1741.71,1716.35,2129923.0,1700.3799999999999,,0,0.0,100000.0,100000.0,0.0,0.0
2023-01-18,1733.56,1714.54,1743.79,1711.82,2106293.0,1709.084,,0,0.0,100000.0,100000.0,0.0,0.0
2023-01-19,1714.09,1702.95,1714.1,1690.08,2343889.0,1717.4540000000002,,0,0.0,100000.0,100000.0,0.0,0.0
2023-01-20,1711.09,1684.66,1719.29,1682.84,2560875.0,1712.566,,0,0.0,100000.0,100000.0,0.0,0.0
2023-01-30,1729.03,1710.01,1729.03,1702.76,3592255.0,1708.0559999999998,,0,0.0,100000.0,100000.0,0.0,0.0
2023-01-31,1717.71,1671.75,1720.83,1660.26,3299068.0,1696.782,,0,0.0,100000.0,100000.0,0.0,0.0
2023-02-01,1680.1,1671.04,1683.74,1640.63,3397389.0,1688.0819999999999,,0,0.0,100000.0,100000.0,0.0,0.0
2023-02-02,1674.12,1663.01,1683.74,1653.85,2975886.0,1680.0939999999998,,0,0.0,100000.0,100000.0,0.0,0.0
2023-02-03,1648.42,1646.61,1653.85,1626.39,3494490.0,1672.484,,0,0.0,100000.0,100000.0,0.0,0.0
2023-02-06,1612.19,1625.78,1625.78,1594.08,4266095.0,1655.6380000000001,1666.6860000000001,0,0.0,100000.0,100000.0,0.0,0.0
2023-02-07,1637.62,1627.59,1638.28,1619.19,2432171.0,1646.8059999999998,1669.72,0,0.0,100000.0,100000.0,0.0,0.0
2023-02-08,1630.31,1615.81,1635.71,1607.66,1667577.0,1635.7599999999998,1672.391,0,0.0,100000.0,100000.0,0.0,0.0
2023-02-09,1610.38,1646.61,1657.25,1607.67,2975366.0,1632.48,1673.161,0,0.0,100000.0,100000.0,0.0,0.0
2023-02-10,1639.45,1639.36,1647.05,1631.26,1798451.0,1631.03,1673.443,0,0.0,100000.0,100000.0,0.0,0.0
2023-02-13,1639.36,1681.34,1697.78,1639.36,3814670.0,1642.1419999999998,1674.1290000000001,0,0.0,100000.0,100000.0,0.0,0.0
2023-02-14,1681.44,1669.97,1682.29,1662.01,1956576.0,1650.618,1673.6465,0,0.0,100000.0,100000.0,0.0,0.0
2023-02-15,1669.96,1667.44,1680.39,1662.74,1817691.0,1660.9440000000002,1673.4675,0,0.0,100000.0,100000.0,0.0,0.0
2023-02-16,1667.75,1686.3,1709.1,1655.67,3324595.0,1668.882,1674.7274999999997,0,0.0,100000.0,100000.0,0.0,0.0
2023-02-17,1675.74,1649.13,1696.42,1648.47,2644283.0,1670.836,1671.729,0,0.0,100000.0,100000.0,0.0,0.0
2023-02-20,1649.33,1698.24,1701.68,1645.88,2966869.0,1674.216,1670.0130000000001,1,58.0,99960.59787706239,1462.6778770623932,-0.00039402122937604034,0.0003940212293760851
2023-02-21,1697.33,1690.99,1697.33,1676.5,1875052.0,1678.42,1668.1564999999998,0,58.0,99540.09787706239,1462.6778770623932,-0.004206657512364598,0.004599021229376085
2023-02-22,1680.13,1662.91,1688.18,1659.11,2186916.0,1677.514,1665.575,0,58.0,97911.45787706239,1462.6778770623932,-0.01636164756449665,0.02088542122937608
2023-02-23,1666.53,1646.61,1674.51,1635.06,2188097.0,1669.5759999999998,1662.7579999999998,0,58.0,96966.05787706238,1462.6778770623932,-0.00965566258023709,0.030339421229376166
2023-02-24,1639.46,1619.44,1639.54,1614.17,2463461.0,1663.6380000000001,1659.497,0,58.0,95390.1978770624,1462.6778770623932,-0.016251666144847632,0.04609802122937603
2023-02-27,1610.83,1639.73,1643.89,1607.68,2206489.0,1651.9360000000001,1655.9830000000002,-1,0.0,96528.9789941926,96528.9789941926,0.01193813559961221,0.03471021005807401
2023-02-28,1647.51,1642.75,1650.24,1615.18,2395181.0,1642.288,1654.5330000000001,0,0.0,96528.9789941926,96528.9789941926,0.0,0.03471021005807401
2023-03-01,1642.08,1665.2,1673.78,1633.23,2445810.0,1642.7459999999999,1654.241,0,0.0,96528.9789941926,96528.9789941926,0.0,0.03471021005807401
2023-03-02,1656.57,1655.67,1665.62,1649.42,1314419.0,1644.5580000000002,1653.8740000000003,0,0.0,96528.9789941926,96528.9789941926,0.0,0.03471021005807401
2023-03-03,1666.33,1646.65,1667.99,1632.55,1619806.0,1650.0,1653.8760000000002,0,0.0,96528.9789941926,96528.9789941926,0.0,0.03471021005807401
2023-03-06,1646.77,1636.77,1647.06,1627.38,2064586.0,1649.4080000000001,1654.4254999999998,0,0.0,96528.9789941926,96528.9789941926,0.0,0.03471021005807401
2023-03-07,1635.72,1619.71,1645.34,1619.44,2278539.0,1644.8,1654.0315000000003,0,0.0,96528.9789941926,96528.9789941926,0.0,0.03471021005807401
2023-03-08,1612.21,1603.51,1617.57,1595.09,2276370.0,1632.462,1653.4165,0,0.0,96528.9789941926,96528.9789941926,0.0,0.03471021005807401
2023-03-09,1601.32,1603.15,1616.72,1575.96,2761150.0,1621.958,1651.2435,0,0.0,96528.9789941926,96528.9789941926,0.0,0.03471021005807401
2023-03-10,1586.44,1585.02,1613.1,1585.02,2116082.0,1609.632,1648.5265,0,0.0,96528.9789941926,96528.9789941926,0.0,0.03471021005807401
2023-03-13,1585.93,1595.89,1607.66,1584.11,2056043.0,1601.4560000000001,1644.2540000000001,0,0.0,96528.9789941926,96528.9789941926,0.0,0.03471021005807401
2023-03-14,1597.5,1599.51,1612.08,1574.6,2370492.0,1597.416,1640.7310000000002,0,0.0,96528.9789941926,96528.9789941926,0.0,0.03471021005807401
2023-03-15,1610.72,1585.85,1616.61,1585.13,1921253.0,1593.884,1636.6515,0,0.0,96528.9789941926,96528.9789941926,0.0,0.03471021005807401
2023-03-16,1575.96,1586.82,1603.13,1575.07,1764624.0,1590.618,1631.6775,0,0.0,96528.9789941926,96528.9789941926,0.0,0.03471021005807401
2023-03-17,1603.13,1577.77,1608.47,1572.34,2702291.0,1589.1680000000001,1628.1095,0,0.0,96528.9789941926,96528.9789941926,0.0,0.03471021005807401
2023-03-20,1585.93,1566.54,1589.55,1565.09,2049093.0,1583.298,1621.5245,0,0.0,96528.9789941926,96528.9789941926,0.0,0.03471021005807401
2023-03-21,1571.43,1607.66,1617.49,1561.44,3114182.0,1584.928,1617.358,0,0.0,96528.9789941926,96528.9789941926,0.0,0.03471021005807401
2023-03-22,1612.19,1606.17,1623.97,1599.1,1533026.0,1588.992,1614.521,0,0.0,96528.9789941926,96528.9789941926,0.0,0.03471021005807401
2023-03-23,1599.51,1607.54,1622.25,1598.61,1735566.0,1593.136,1612.5674999999999,0,0.0,96528.9789941926,96528.9789941926,0.0,0.03471021005807401
2023-03-24,1602.3,1610.94,1615.45,1599.51,1276996.0,1599.77,1612.1425000000002,0,0.0,96528.9789941926,96528.9789941926,0.0,0.03471021005807401
2023-03-27,1610.92,1601.13,1610.92,1590.45,1529555.0,1606.6879999999999,1610.2125,0,0.0,96528.9789941926,96528.9789941926,0.0,0.03471021005807401
2023-03-28,1603.13,1613.82,1621.25,1598.62,1726135.0,1607.92,1608.766,0,0.0,96528.9789941926,96528.9789941926,0.0,0.03471021005807401
2023-03-29,1629.4,1621.25,1630.31,1616.78,1539299.0,1610.9360000000001,1606.5684999999999,1,59.0,96490.7146245801,836.9646245800977,-0.00039640292491649465,0.03509285375419902
2023-03-30,1623.97,1630.31,1634.83,1611.29,1925701.0,1615.49,1605.3004999999998,0,59.0,97025.25462458009,836.9646245800977,0.005539807660040141,0.029747453754199085
2023-03-31,1652.95,1648.42,1673.78,1647.51,2744633.0,1622.986,1605.389,0,59.0,98093.7446245801,836.9646245800977,0.011012493645436106,0.019062553754199036
2023-04-03,1652.95,1632.18,1655.46,1630.38,2141743.0,1629.1960000000001,1605.1595,0,59.0,97135.58462458011,836.9646245800977,-0.009767799197257787,0.028644153754198924
2023-04-04,1641.17,1643.52,1644.05,1618.53,2006626.0,1635.136,1606.35,0,59.0,97804.64462458009,836.9646245800977,0.006887898009630966,0.021953553754199093
2023-04-06,1634.83,1627.55,1644.71,1619.64,1487422.0,1636.3960000000002,1607.5520000000001,0,59.0,96862.4146245801,836.9646245800977,-0.009633796059652533,0.03137585375419905
2023-04-07,1625.78,1622.15,1635.75,1619.75,1352468.0,1634.764,1608.502,0,59.0,96543.8146245801,836.9646245800977,-0.0032892015054014623,0.034561853754198964
2023-04-10,1622.05,1604.67,1622.05,1579.59,2941822.0,1626.014,1609.4845,0,59.0,95512.4946245801,836.9646245800977,-0.010682403673507146,0.044875053754199035
2023-04-11,1623.97,1580.94,1623.97,1579.59,2920919.0,1615.766,1608.737,0,59.0,94112.4246245801,836.9646245800977,-0.014658501021286074,0.058875753754198956
2023-04-12,1582.54,1534.39,1585.02,1533.23,5110492.0,1593.94,1605.481,-1,0.0,91329.76573645041,91329.76573645041,-0.029567391332545934,0.08670234263549588
2023-04-13,1530.68,1560.57,1561.1,1525.25,2954268.0,1580.544,1604.217,0,0.0,91329.76573645041,91329.76573645041,0.0,0.08670234263549588
2023-04-14,1563.28,1551.89,1569.62,1544.08,2123162.0,1566.492,1602.4705,0,0.0,91329.76573645041,91329.76573645041,0.0,0.08670234263549588
2023-04-17,1575.96,1587.74,1587.74,1565.09,3046723.0,1563.1060000000002,1602.969,0,0.0,91329.76573645041,91329.76573645041,0.0,0.08670234263549588
2023-04-18,1587.74,1592.27,1602.23,1581.41,1831389.0,1565.372,1604.2555,0,0.0,91329.76573645041,91329.76573645041,0.0,0.08670234263549588
2023-04-19,1595.89,1593.17,1599.06,1585.02,1460056.0,1577.128,1603.531,0,0.0,91329.76573645041,91329.76573645041,0.0,0.08670234263549588
2023-04-20,1594.18,1577.67,1598.61,1566.0,1988537.0,1580.548,1602.1060000000002,0,0.0,91329.76573645041,91329.76573645041,0.0,0.08670234263549588
2023-04-21,1581.4,1562.8,1583.28,1559.01,1851787.0,1582.73,1599.8690000000001,0,0.0,91329.76573645041,91329.76573645041,0.0,0.08670234263549588
2023-04-24,1558.75,1544.26,1559.66,1540.64,2023091.0,1574.034,1596.5349999999999,0,0.0,91329.76573645041,91329.76573645041,0.0,0.08670234263549588
2023-04-25,1545.17,1567.25,1572.32,1541.54,2058251.0,1569.03,1594.841,0,0.0,91329.76573645041,91329.76573645041,0.0,0.08670234263549588
2023-04-26,1579.59,1579.5,1594.98,1557.85,2789160.0,1566.2959999999998,1593.125,0,0.0,91329.76573645041,91329.76573645041,0.0,0.08670234263549588
2023-04-27,1583.21,1592.19,1603.13,1566.91,2560504.0,1569.2,1591.672,0,0.0,91329.76573645041,91329.76573645041,0.0,0.08670234263549588
2023-04-28,1596.8,1594.55,1614.7,1588.62,2622464.0,1575.55,1589.884,0,0.0,91329.76573645041,91329.76573645041,0.0,0.08670234263549588
2023-05-04,1602.23,1584.93,1610.08,1572.34,2746642.0,1583.684,1586.7095000000002,0,0.0,91329.76573645041,91329.76573645041,0.0,0.08670234263549588
2023-05-05,1599.51,1585.02,1599.51,1572.69,2071421.0,1587.238,1584.3515000000002,1,57.0,91293.62457006621,947.4845700662117,-0.0003957216586812917,0.0870637542993379
2023-05-08,1601.61,1558.32,1602.23,1555.28,3317126.0,1583.002,1580.0915,0,57.0,89771.7245700662,947.4845700662117,-0.016670386428046524,0.10228275429933797
2023-05-09,1553.32,1559.66,1575.94,1546.14,2937796.0,1576.4959999999999,1576.697,-1,0.0,89812.54698908482,89812.54698908482,0.0004547358226003606,0.10187453010915182
2023-05-10,1553.49,1562.38,1572.34,1553.32,2077260.0,1570.0620000000001,1573.7085000000002,0,0.0,89812.54698908482,89812.54698908482,0.0,0.10187453010915182
2023-05-11,1567.81,1555.19,1571.43,1553.32,1524612.0,1564.114,1571.2345,0,0.0,89812.54698908482,89812.54698908482,0.0,0.10187453010915182
2023-05-12,1553.32,1545.53,1566.8,1544.27,1946045.0,1556.216,1569.464,0,0.0,89812.54698908482,89812.54698908482,0.0,0.10187453010915182
2023-05-15,1541.54,1554.5,1555.13,1531.76,2574018.0,1555.452,1570.4695,0,0.0,89812.54698908482,89812.54698908482,0.0,0.10187453010915182
2023-05-16,1552.4,1542.71,1557.84,1537.02,2222377.0,1552.0620000000001,1569.5765000000001,0,0.0,89812.54698908482,89812.54698908482,0.0,0.10187453010915182
2023-05-17,1546.98,1540.64,1551.51,1538.84,1677691.0,1547.714,1569.0140000000001,0,0.0,89812.54698908482,89812.54698908482,0.0,0.10187453010915182
2023-05-18,1544.25,1531.58,1544.62,1530.68,1921928.0,1542.9919999999997,1566.206,0,0.0,89812.54698908482,89812.54698908482,0.0,0.10187453010915182
2023-05-19,1513.47,1539.28,1543.66,1499.47,2674116.0,1541.742,1563.5565000000001,0,0.0,89812.54698908482,89812.54698908482,0.0,0.10187453010915182
2023-05-22,1530.69,1581.4,1586.83,1530.68,4128432.0,1547.1219999999998,1562.968,0,0.0,89812.54698908482,89812.54698908482,0.0,0.10187453010915182
2023-05-23,1588.63,1561.97,1588.64,1561.97,1689421.0,1550.974,1562.183,0,0.0,89812.54698908482,89812.54698908482,0.0,0.10187453010915182
2023-05-24,1569.02,1549.61,1570.12,1548.89,1847927.0,1552.7679999999998,1561.5235,0,0.0,89812.54698908482,89812.54698908482,0.0,0.10187453010915182
2023-05-25,1545.16,1540.64,1548.79,1530.68,2246560.0,1554.5800000000002,1561.3425,0,0.0,89812.54698908482,89812.54698908482,0.0,0.10187453010915182
2023-05-26,1541.54,1531.18,1544.26,1517.1,1829110.0,1552.96,1559.539,0,0.0,89812.54698908482,89812.54698908482,0.0,0.10187453010915182
2023-05-29,1537.02,1529.77,1538.24,1519.81,1777141.0,1542.634,1557.0525,0,0.0,89812.54698908482,89812.54698908482,0.0,0.10187453010915182
2023-05-30,1529.77,1511.01,1538.73,1502.2,2645340.0,1532.442,1552.9935,0,0.0,89812.54698908482,89812.54698908482,0.0,0.10187453010915182
2023-05-31,1504.42,1475.34,1508.69,1473.32,3695697.0,1517.5880000000002,1547.033,0,0.0,89812.54698908482,89812.54698908482,0.0,0.10187453010915182
2023-06-01,1465.46,1481.69,1517.08,1465.46,2864525.0,1505.798,1541.871,0,0.0,89812.54698908482,89812.54698908482,0.0,0.10187453010915182
2023-06-02,1489.92,1513.11,1515.41,1481.87,2505802.0,1502.184,1538.2755,0,0.0,89812.54698908482,89812.54698908482,0.0,0.10187453010915182
2023-06-05,1509.08,1508.03,1524.23,1506.22,1620050.0,1497.836,1535.761,0,0.0,89812.54698908482,89812.54698908482,0.0,0.10187453010915182
2023-06-06,1512.56,1509.84,1525.24,1495.85,1991392.0,1497.602,1533.27,0,0.0,89812.54698908482,89812.54698908482,0.0,0.10187453010915182
2023-06-07,1515.27,1495.26,1520.53,1494.45,1788964.0,1501.5859999999998,1529.914,0,0.0,89812.54698908482,89812.54698908482,0.0,0.10187453010915182
2023-06-08,1499.73,1510.75,1517.09,1494.46,1470272.0,1507.398,1527.692,0,0.0,89812.54698908482,89812.54698908482,0.0,0.10187453010915182
2023-06-09,1514.36,1508.94,1519.78,1508.94,1758041.0,1506.5639999999999,1525.8625,0,0.0,89812.54698908482,89812.54698908482,0.0,0.10187453010915182
2023-06-12,1508.96,1536.11,1546.98,1504.88,2702944.0,1512.1799999999998,1524.943,0,0.0,89812.54698908482,89812.54698908482,0.0,0.10187453010915182
2023-06-13,1534.19,1538.83,1543.91,1526.15,1466254.0,1517.9779999999998,1524.749,0,0.0,89812.54698908482,89812.54698908482,0.0,0.10187453010915182
2023-06-14,1556.94,1564.08,1570.75,1545.36,3150580.0,1531.742,1525.9209999999998,1,57.0,89776.88329050802,624.3232905080222,-0.0003970903818275584,0.1022311670949198
2023-06-15,1567.21,1589.55,1590.14,1560.57,2522257.0,1547.502,1528.8195,0,57.0,91228.67329050801,624.3232905080222,0.016171089336017186,0.08771326709491986
2023-06-16,1591.36,1628.21,1630.31,1585.11,3791789.0,1571.356,1533.266,0,57.0,93432.29329050802,624.3232905080222,0.024154905694866446,0.06567706709491977
2023-06-19,1621.25,1579.59,1628.45,1574.15,3169992.0,1580.0520000000001,1533.1755,0,57.0,90660.95329050801,624.3232905080222,-0.029661478942651143,0.09339046709491988
2023-06-20,1575.96,1579.1,1598.61,1571.43,2094674.0,1588.106,1534.032,0,57.0,90633.02329050802,624.3232905080222,-0.00030807088372974967,0.09366976709491981
2023-06-21,1575.96,1572.19,1591.0,1571.43,1772061.0,1589.7279999999998,1535.1609999999998,0,57.0,90239.15329050802,624.3232905080222,-0.0043457669809547905,0.09760846709491976
2023-06-26,1557.95,1547.88,1566.91,1535.2,2399268.0,1581.3939999999998,1535.523,0,57.0,88853.48329050803,624.3232905080222,-0.015355529717118399,0.11146516709491974
2023-06-27,1548.78,1549.74,1557.58,1539.81,1517446.0,1565.7,1536.451,0,57.0,88959.50329050803,624.3232905080222,0.0011932002671564135,0.1104049670949197
2023-06-28,1551.67,1565.44,1570.53,1549.7,1857356.0,1562.87,1538.2345,0,57.0,89854.40329050802,624.3232905080222,0.010059633506243726,0.10145596709491976
2023-06-29,1567.81,1552.15,1571.42,1551.52,1423116.0,1557.48,1540.2915,0,57.0,89096.87329050803,624.3232905080222,-0.008430638591531592,0.10903126709491975
2023-06-30,1563.37,1555.09,1571.64,1550.94,2045869.0,1554.0600000000002,1544.279,0,57.0,89264.45329050801,624.3232905080222,0.0018808740847007233,0.10735546709491987
2023-07-03,1562.45,1585.53,1586.62,1556.01,1913909.0,1561.59,1549.471,0,57.0,90999.53329050801,624.3232905080222,0.019437524524496208,0.09000466709491986
2023-07-04,1585.63,1591.51,1595.04,1580.0,1247238.0,1569.944,1553.391,0,57.0,91340.39329050801,624.3232905080222,0.0037457334963668654,0.08659606709491985
2023-07-05,1590.96,1577.52,1592.77,1563.37,1474539.0,1572.3600000000001,1556.8654999999999,0,57.0,90542.96329050802,624.3232905080222,-0.008730310558919596,0.09457036709491978
2023-07-06,1571.8,1566.11,1593.72,1563.37,1514062.0,1575.1519999999998,1559.6789999999999,0,57.0,89892.59329050801,624.3232905080222,-0.007182998836842702,0.10107406709491988
2023-07-07,1564.29,1554.2,1571.64,1554.17,1516742.0,1574.9740000000002,1562.626,0,57.0,89213.72329050803,624.3232905080222,-0.007552012631408478,0.1078627670949197
2023-07-10,1567.97,1564.2,1577.13,1563.37,1347741.0,1570.708,1565.2985,0,57.0,89783.72329050803,624.3232905080222,0.006389151567454565,0.10216276709491968
2023-07-11,1572.57,1572.57,1577.32,1565.3,1258270.0,1566.92,1568.48,-1,0.0,90224.96138360271,90224.96138360271,0.004914455281242791,0.09775038616397287
2023-07-12,1575.36,1576.06,1584.52,1573.79,1328467.0,1566.628,1570.4775,0,0.0,90224.96138360271,90224.96138360271,0.0,0.09775038616397287
2023-07-13,1583.59,1598.69,1605.13,1580.85,2580654.0,1573.144,1573.4705,0,0.0,90224.96138360271,90224.96138360271,0.0,0.09775038616397287
2023-07-14,1614.87,1612.11,1617.17,1601.26,1855030.0,1584.726,1575.872,1,55.0,90189.4923036212,1523.4423036212102,-0.0003931182617049611,0.09810507696378802
2023-07-17,1610.27,1590.93,1610.27,1587.83,1433648.0,1590.072,1575.941,0,55.0,89024.59230362122,1523.4423036212102,-0.012916138790075027,0.1097540769637878
2023-07-18,1594.25,1584.34,1595.11,1582.68,1473765.0,1592.426,1573.7475,0,55.0,88662.1423036212,1523.4423036212102,-0.004071346923599117,0.11337857696378793
2023-07-19,1577.17,1584.52,1589.12,1576.06,1248322.0,1594.118,1573.994,0,55.0,88672.04230362122,1523.4423036212102,0.00011165983296579363,0.11327957696378783
2023-07-20,1589.11,1585.44,1608.41,1583.6,1669265.0,1591.468,1574.3110000000001,0,55.0,88722.6423036212,1523.4423036212102,0.000570642095134577,0.11277357696378792
2023-07-21,1592.69,1628.94,1630.04,1587.28,3937740.0,1594.834,1577.1485,0,55.0,91115.1423036212,1523.4423036212102,0.02696605892115489,0.08884857696378792
2023-07-24,1609.83,1628.8,1628.8,1609.83,1971337.0,1602.408,1581.1945,0,55.0,91107.44230362121,1523.4423036212102,-8.450845606255974e-05,0.0889255769637879
2023-07-25,1655.33,1681.59,1681.89,1655.33,4308646.0,1621.858,1587.7869999999998,0,55.0,94010.8923036212,1523.4423036212102,0.031868417404629534,0.059891076963787926
2023-07-26,1681.59,1681.59,1688.43,1669.2,1961145.0,1641.2720000000002,1593.5945,0,55.0,94010.8923036212,1523.4423036212102,0.0,0.059891076963787926
2023-07-27,1688.44,1690.31,1705.72,1681.73,2034043.0,1662.2459999999999,1600.5025,0,55.0,94490.49230362121,1523.4423036212102,0.005101536516120664,0.05509507696378787
2023-07-28,1684.76,1744.54,1747.3,1681.09,3901792.0,1685.366,1609.975,0,55.0,97473.1423036212,1523.4423036212102,0.03156560969558719,0.02526857696378793
2023-07-31,1754.65,1729.44,1779.48,1723.39,4537861.0,1705.494,1617.1705,0,55.0,96642.6423036212,1523.4423036212102,-0.00852029574888491,0.033573576963787925
2023-08-01,1727.07,1737.18,1753.69,1726.96,1923062.0,1716.6119999999999,1624.4540000000002,0,55.0,97068.34230362122,1523.4423036212102,0.004404887840944838,0.02931657696378781
2023-08-02,1732.03,1728.9,1738.1,1716.77,1850872.0,1726.0739999999998,1632.023,0,55.0,96612.94230362121,1523.4423036212102,-0.004691539890271934,0.033870576963787896
2023-08-03,1719.71,1727.5,1738.1,1701.78,2154347.0,1733.512,1640.0925,0,55.0,96535.94230362121,1523.4423036212102,-0.0007969946692857333,0.034640576963787896
2023-08-04,1736.1,1741.29,1753.29,1730.74,2457364.0,1732.8619999999999,1649.4470000000001,0,55.0,97294.3923036212,1523.4423036212102,0.007856659207972072,0.027056076963787926
2023-08-07,1729.78,1736.2,1745.46,1720.66,2389245.0,1734.214,1658.047,0,55.0,97014.44230362121,1523.4423036212102,-0.002877349797574924,0.0298555769637879
2023-08-08,1728.93,1738.1,1741.51,1714.26,1773618.0,1734.398,1666.3235,0,55.0,97118.94230362121,1523.4423036212102,0.0010771592096869842,0.028810576963787898
2023-08-09,1738.1,1738.36,1751.9,1731.63,1852346.0,1736.2899999999997,1674.4385000000002,0,55.0,97133.2423036212,1523.4423036212102,0.00014724213073979975,0.028667576963788015
2023-08-10,1730.74,1724.31,1737.18,1712.63,1843619.0,1735.652,1680.7195,0,55.0,96360.49230362121,1523.4423036212102,-0.007955566824223825,0.03639507696378787
2023-08-11,1733.5,1686.6,1733.87,1686.49,2678649.0,1724.714,1684.444,0,55.0,94286.44230362121,1523.4423036212102,-0.021523862637240376,0.0571355769637879
2023-08-14,1664.53,1658.09,1678.31,1651.66,2373119.0,1709.0919999999999,1687.8020000000001,0,55.0,92718.3923036212,1523.4423036212102,-0.016630704920974404,0.07281607696378793
2023-08-15,1663.61,1667.27,1671.89,1656.26,1481799.0,1694.926,1691.9485,0,55.0,93223.29230362122,1523.4423036212102,0.005445521513645746,0.06776707696378784
2023-08-16,1662.31,1673.73,1676.81,1660.85,1318431.0,1682.0,1696.409,-1,0.0,93541.77300527571,93541.77300527571,0.00341632111229484,0.06458226994724289
2023-08-17,1660.93,1681.13,1686.6,1656.76,1729037.0,1673.364,1701.1934999999999,0,0.0,93541.77300527571,93541.77300527571,0.0,0.06458226994724289
2023-08-18,1684.75,1657.72,1687.51,1657.72,1702334.0,1667.5880000000002,1702.6325000000002,0,0.0,93541.77300527571,93541.77300527571,0.0,0.06458226994724289
2023-08-21,1648.9,1647.06,1668.2,1646.2,1891181.0,1665.382,1703.5455000000002,0,0.0,93541.77300527571,93541.77300527571,0.0,0.06458226994724289
2023-08-22,1656.24,1644.3,1657.69,1628.68,2665036.0,1660.788,1701.681,0,0.0,93541.77300527571,93541.77300527571,0.0,0.06458226994724289
2023-08-23,1652.58,1631.42,1655.33,1627.82,1991222.0,1652.3260000000002,1699.1725,0,0.0,93541.77300527571,93541.77300527571,0.0,0.06458226994724289
2023-08-24,1636.59,1670.32,1681.08,1632.34,2605509.0,1650.164,1698.173,0,0.0,93541.77300527571,93541.77300527571,0.0,0.06458226994724289
2023-08-25,1663.42,1678.31,1690.07,1660.86,1883086.0,1654.282,1694.8614999999998,0,0.0,93541.77300527571,93541.77300527571,0.0,0.06458226994724289
2023-08-28,1745.99,1687.49,1745.99,1684.65,4105213.0,1662.368,1692.764,0,0.0,93541.77300527571,93541.77300527571,0.0,0.06458226994724289
2023-08-29,1681.08,1702.54,1718.86,1681.08,2895028.0,1674.016,1691.032,0,0.0,93541.77300527571,93541.77300527571,0.0,0.06458226994724289
2023-08-30,1717.78,1706.83,1717.87,1695.49,1981181.0,1689.098,1689.9285,0,0.0,93541.77300527571,93541.77300527571,0.0,0.06458226994724289
2023-08-31,1710.51,1698.56,1710.51,1693.05,1482022.0,1694.7459999999999,1688.4815000000003,1,55.0,93504.40188265173,83.60188265172474,-0.0003995126607433397,0.06495598117348272
2023-09-01,1703.92,1702.28,1715.54,1697.66,1314519.0,1699.5400000000002,1686.5310000000002,0,55.0,93709.00188265172,83.60188265172474,0.0021881322791279523,0.06290998117348282
2023-09-04,1712.9,1716.03,1728.85,1704.56,2387100.0,1705.248,1685.5224999999998,0,55.0,94465.25188265172,83.60188265172474,0.008070195870264696,0.05534748117348281
2023-09-05,1717.87,1709.32,1717.87,1707.57,1565874.0,1706.6039999999998,1684.0835,0,55.0,94096.20188265172,83.60188265172474,-0.003906727528323883,0.05903798117348284
2023-09-06,1708.67,1711.43,1716.64,1700.41,1112143.0,1707.524,1682.7369999999999,0,55.0,94212.25188265173,83.60188265172474,0.001233312266362807,0.05787748117348267
2023-09-07,1703.71,1690.28,1707.65,1684.02,1698157.0,1705.868,1681.0355,0,55.0,93049.00188265172,83.60188265172474,-0.012347120217961916,0.06950998117348281
2023-09-08,1687.47,1672.35,1687.47,1669.08,1221178.0,1699.882,1680.3229999999999,0,55.0,92062.85188265172,83.60188265172474,-0.010598179239404093,0.07937148117348275
2023-09-11,1662.69,1675.72,1692.12,1662.69,1592600.0,1691.8199999999997,1681.2044999999998,0,55.0,92248.20188265173,83.60188265172474,0.002013298482609116,0.0775179811734827
2023-09-12,1679.8,1673.69,1680.15,1670.07,1216801.0,1684.694,1681.5255000000002,0,55.0,92136.55188265172,83.60188265172474,-0.0012103216943137873,0.07863448117348278
2023-09-13,1682.85,1673.64,1682.85,1655.38,1950143.0,1677.136,1681.521,-1,0.0,92096.98456415774,92096.98456415774,-0.0004294421452234465,0.07903015435842259
2023-09-14,1676.05,1672.52,1680.15,1660.85,1750459.0,1673.584,1681.0904999999998,0,0.0,92096.98456415774,92096.98456415774,0.0,0.07903015435842259
2023-09-15,1672.81,1638.77,1673.52,1638.14,2843146.0,1666.868,1680.143,0,0.0,92096.98456415774,92096.98456415774,0.0,0.07903015435842259
2023-09-18,1633.55,1682.19,1682.46,1630.5,3255892.0,1668.1619999999998,1681.8995,0,0.0,92096.98456415774,92096.98456415774,0.0,0.07903015435842259
2023-09-19,1675.75,1680.11,1682.0,1662.69,1498950.0,1669.446,1683.69,0,0.0,92096.98456415774,92096.98456415774,0.0,0.07903015435842259
2023-09-20,1675.57,1677.41,1682.92,1671.93,1250178.0,1670.2,1685.9895000000001,0,0.0,92096.98456415774,92096.98456415774,0.0,0.07903015435842259
2023-09-21,1671.9,1653.85,1675.57,1653.85,1948919.0,1666.466,1685.166,0,0.0,92096.98456415774,92096.98456415774,0.0,0.07903015435842259
2023-09-22,1660.51,1700.4,1701.28,1648.35,3439046.0,1678.7920000000001,1686.2704999999999,0,0.0,92096.98456415774,92096.98456415774,0.0,0.07903015435842259
2023-09-25,1699.02,1685.11,1699.48,1679.79,1397913.0,1679.3759999999997,1686.1515,0,0.0,92096.98456415774,92096.98456415774,0.0,0.07903015435842259
2023-09-26,1681.08,1670.05,1687.41,1667.38,1576196.0,1677.364,1684.527,0,0.0,92096.98456415774,92096.98456415774,0.0,0.07903015435842259
2023-09-27,1669.13,1668.21,1686.14,1657.91,2087994.0,1675.5240000000001,1682.596,0,0.0,92096.98456415774,92096.98456415774,0.0,0.07903015435842259
2023-09-28,1678.31,1654.0,1678.31,1653.31,2053784.0,1675.554,1680.368,0,0.0,92096.98456415774,92096.98456415774,0.0,0.07903015435842259
2023-10-09,1652.52,1634.18,1652.52,1623.06,2976268.0,1662.31,1676.9630000000002,0,0.0,92096.98456415774,92096.98456415774,0.0,0.07903015435842259
2023-10-10,1639.6,1627.75,1654.4,1625.91,2028392.0,1650.8379999999997,1672.5489999999998,0,0.0,92096.98456415774,92096.98456415774,0.0,0.07903015435842259
2023-10-11,1641.22,1635.56,1641.22,1625.91,2194486.0,1643.94,1668.861,0,0.0,92096.98456415774,92096.98456415774,0.0,0.07903015435842259
2023-10-12,1653.4,1642.46,1653.71,1634.37,1486507.0,1638.7900000000002,1665.4125,0,0.0,92096.98456415774,92096.98456415774,0.0,0.07903015435842259
2023-10-13,1628.55,1610.27,1635.11,1598.49,2502788.0,1630.044,1661.4119999999998,0,0.0,92096.98456415774,92096.98456415774,0.0,0.07903015435842259
2023-10-16,1610.25,1590.87,1614.87,1584.02,2078965.0,1621.382,1657.3380000000002,0,0.0,92096.98456415774,92096.98456415774,0.0,0.07903015435842259
2023-10-17,1599.24,1587.28,1599.64,1578.09,1494523.0,1613.288,1652.916,0,0.0,92096.98456415774,92096.98456415774,0.0,0.07903015435842259
2023-10-18,1580.66,1589.12,1602.0,1579.17,2031750.0,1603.9999999999998,1648.6875,0,0.0,92096.98456415774,92096.98456415774,0.0,0.07903015435842259
2023-10-19,1563.37,1499.0,1563.4,1495.35,7349237.0,1575.3079999999998,1639.9555,0,0.0,92096.98456415774,92096.98456415774,0.0,0.07903015435842259
2023-10-20,1499.0,1512.79,1521.99,1486.35,4537601.0,1555.812,1631.969,0,0.0,92096.98456415774,92096.98456415774,0.0,0.07903015435842259
2023-10-23,1498.97,1511.85,1526.59,1491.27,2523423.0,1540.008,1625.623,0,0.0,92096.98456415774,92096.98456415774,0.0,0.07903015435842259
2023-10-24,1515.55,1510.91,1520.48,1490.91,2986146.0,1524.734,1617.059,0,0.0,92096.98456415774,92096.98456415774,0.0,0.07903015435842259
2023-10-25,1535.88,1542.68,1561.53,1533.04,3617898.0,1515.4460000000001,1610.1874999999998,0,0.0,92096.98456415774,92096.98456415774,0.0,0.07903015435842259
2023-10-26,1533.02,1537.83,1552.34,1528.43,2238635.0,1523.212,1603.2085,0,0.0,92096.98456415774,92096.98456415774,0.0,0.07903015435842259
2023-10-27,1530.26,1541.95,1555.9,1527.14,3426239.0,1529.044,1597.6135,0,0.0,92096.98456415774,92096.98456415774,0.0,0.07903015435842259
2023-10-30,1534.86,1545.9,1553.14,1534.86,2408642.0,1535.854,1589.8884999999998,0,0.0,92096.98456415774,92096.98456415774,0.0,0.07903015435842259
2023-10-31,1544.98,1549.19,1554.17,1533.81,1985877.0,1543.51,1583.0925000000002,0,0.0,92096.98456415774,92096.98456415774,0.0,0.07903015435842259
2023-11-01,1701.32,1637.85,1701.32,1631.23,9314308.0,1562.5439999999999,1581.4824999999998,0,0.0,92096.98456415774,92096.98456415774,0.0,0.07903015435842259
2023-11-02,1650.74,1636.48,1650.74,1633.32,2790764.0,1582.274,1579.896,1,56.0,92060.32466287134,417.444662871334,-0.00039805756355537625,0.07939675337128661
2023-11-03,1636.94,1665.67,1669.03,1631.42,3017600.0,1607.018,1580.4795,0,56.0,93694.96466287134,417.444662871334,0.0177561833068276,0.06305035337128662
2023-11-06,1673.73,1666.37,1677.21,1656.36,2552392.0,1631.112,1582.089,0,56.0,93734.16466287134,417.444662871334,0.00041837894001073295,0.06265835337128665
2023-11-07,1659.93,1647.21,1664.53,1640.69,1958159.0,1650.716,1583.062,0,56.0,92661.20466287134,417.444662871334,-0.011446840155444393,0.07338795337128656
2023-11-08,1640.67,1653.81,1658.83,1639.58,1454567.0,1653.908,1583.9745,0,56.0,93030.80466287133,417.444662871334,0.0039887243139640205,0.06969195337128666
2023-11-09,1646.24,1649.92,1654.41,1639.7,1280048.0,1656.596,1584.3474999999999,0,56.0,92812.96466287134,417.444662871334,-0.0023415899796783712,0.07187035337128662
2023-11-10,1637.45,1633.12,1644.3,1630.6,1646557.0,1650.086,1585.4900000000002,0,56.0,91872.16466287134,417.444662871334,-0.010136514908421601,0.08127835337128665
2023-11-13,1629.84,1622.23,1641.43,1615.77,1836995.0,1641.2580000000003,1587.058,0,56.0,91262.32466287134,417.444662871334,-0.0066379191372907265,0.08737675337128661
2023-11-14,1622.23,1623.4,1632.33,1618.56,1281675.0,1636.4959999999999,1588.864,0,56.0,91327.84466287134,417.444662871334,0.0007179304301314637,0.08672155337128658
2023-11-15,1636.02,1630.44,1639.6,1624.99,1843486.0,1631.8220000000001,1590.93,0,56.0,91722.08466287133,417.444662871334,0.0043167557655092725,0.08277915337128666
2023-11-16,1631.42,1618.6,1633.26,1618.6,1255757.0,1625.5580000000002,1596.91,0,56.0,91059.04466287133,417.444662871334,-0.007228793397326738,0.08940955337128675
2023-11-17,1611.19,1612.5,1617.63,1598.23,2171363.0,1621.434,1601.8955,0,56.0,90717.44466287133,417.444662871334,-0.0037514120784453153,0.09282555337128666
2023-11-20,1613.95,1620.85,1627.29,1597.08,1860804.0,1621.158,1607.3455000000001,0,56.0,91185.04466287133,417.444662871334,0.005154466175030681,0.08814955337128674
2023-11-21,1640.09,1646.14,1653.5,1627.84,3009845.0,1625.706,1614.107,0,56.0,92601.28466287135,417.444662871334,0.015531494284354741,0.07398715337128654
2023-11-22,1639.98,1638.33,1650.14,1637.44,1266457.0,1627.284,1618.8895,0,56.0,92163.92466287133,417.444662871334,-0.00472304462721318,0.0783607533712867
2023-11-23,1635.38,1642.46,1644.3,1628.66,1154964.0,1632.056,1624.1209999999999,0,56.0,92395.20466287134,417.444662871334,0.0025094417457374174,0.07604795337128657
2023-11-24,1645.22,1634.18,1645.22,1632.34,1308540.0,1636.3920000000003,1628.7324999999998,0,56.0,91931.52466287134,417.444662871334,-0.005018442263230782,0.08068475337128664
2023-11-27,1630.78,1621.31,1630.78,1613.95,1626074.0,1636.484,1632.5030000000002,0,56.0,91210.80466287133,417.444662871334,-0.007839748145622605,0.08789195337128665
2023-11-28,1619.47,1626.86,1631.31,1616.71,1451976.0,1632.628,1636.3865,-1,0.0,91485.16573199612,91485.16573199612,0.0030079886932130595,0.08514834268003876
2023-11-29,1625.91,1632.08,1633.26,1616.71,1714933.0,1631.378,1636.098,0,0.0,91485.16573199612,91485.16573199612,0.0,0.08514834268003876
2023-11-30,1633.93,1647.52,1650.52,1628.74,2135342.0,1632.3899999999999,1636.65,0,0.0,91485.16573199612,91485.16573199612,0.0,0.08514834268003876
2023-12-01,1645.5,1618.81,1645.86,1607.51,3305131.0,1629.316,1634.307,0,0.0,91485.16573199612,91485.16573199612,0.0,0.08514834268003876
2023-12-04,1618.81,1610.01,1620.23,1605.01,1844047.0,1627.056,1631.489,0,0.0,91485.16573199612,91485.16573199612,0.0,0.08514834268003876
2023-12-05,1608.23,1571.65,1608.32,1570.75,2990301.0,1616.014,1627.711,0,0.0,91485.16573199612,91485.16573199612,0.0,0.08514834268003876
2023-12-06,1565.79,1566.13,1581.28,1564.41,2385129.0,1602.824,1623.327,0,0.0,91485.16573199612,91485.16573199612,0.0,0.08514834268003876
2023-12-07,1567.05,1563.37,1571.72,1551.69,2504150.0,1585.994,1618.9995000000001,0,0.0,91485.16573199612,91485.16573199612,0.0,0.08514834268003876
2023-12-08,1563.37,1567.9,1571.5,1556.22,2628801.0,1575.8120000000001,1615.7385,0,0.0,91485.16573199612,91485.16573199612,0.0,0.08514834268003876
2023-12-11,1554.17,1561.53,1567.05,1523.83,3683098.0,1566.116,1612.7035,0,0.0,91485.16573199612,91485.16573199612,0.0,0.08514834268003876
2023-12-12,1551.97,1572.56,1572.56,1548.66,2101066.0,1566.2980000000002,1610.1615,0,0.0,91485.16573199612,91485.16573199612,0.0,0.08514834268003876
2023-12-13,1568.17,1526.59,1568.63,1523.9,3878870.0,1558.39,1604.9689999999998,0,0.0,91485.16573199612,91485.16573199612,0.0,0.08514834268003876
2023-12-14,1532.07,1504.42,1535.66,1503.61,4067215.0,1546.6,1599.26,0,0.0,91485.16573199612,91485.16573199612,0.0,0.08514834268003876
2023-12-15,1515.76,1512.79,1542.93,1511.88,3709251.0,1535.578,1594.2745,0,0.0,91485.16573199612,91485.16573199612,0.0,0.08514834268003876
2023-12-18,1508.19,1528.43,1529.65,1503.6,1989734.0,1528.958,1589.6535,0,0.0,91485.16573199612,91485.16573199612,0.0,0.08514834268003876
2023-12-19,1531.18,1540.38,1544.86,1512.87,2220676.0,1522.522,1584.3654999999999,0,0.0,91485.16573199612,91485.16573199612,0.0,0.08514834268003876
2023-12-20,1542.34,1534.7,1544.2,1528.39,2309203.0,1524.1440000000002,1579.184,0,0.0,91485.16573199612,91485.16573199612,0.0,0.08514834268003876
2023-12-21,1525.6,1553.5,1555.66,1525.6,2901168.0,1533.9600000000003,1574.736,0,0.0,91485.16573199612,91485.16573199612,0.0,0.08514834268003876
2023-12-22,1553.22,1554.11,1561.97,1542.35,2166684.0,1542.224,1570.7325,0,0.0,91485.16573199612,91485.16573199612,0.0,0.08514834268003876
2023-12-25,1554.43,1555.36,1561.5,1551.64,1247106.0,1547.6100000000001,1567.435,0,0.0,91485.16573199612,91485.16573199612,0.0,0.08514834268003876
2023-12-26,1555.83,1553.5,1558.06,1541.87,1477126.0,1550.234,1563.767,0,0.0,91485.16573199612,91485.16573199612,0.0,0.08514834268003876
2023-12-27,1551.64,1550.77,1560.15,1545.13,1605550.0,1553.4479999999999,1559.7015000000001,0,0.0,91485.16573199612,91485.16573199612,0.0,0.08514834268003876
2023-12-28,1554.42,1604.66,1607.45,1550.77,3833806.0,1563.6799999999998,1557.5585,1,56.0,91449.21865216733,1588.258652167322,-0.0003929279631421645,0.08550781347832671
2023-12-29,1600.01,1605.6,1627.53,1600.01,2753868.0,1573.9779999999998,1556.898,0,56.0,91501.85865216731,1588.258652167322,0.0005756200083042451,0.08498141347832687
2024-01-02,1595.36,1567.47,1598.33,1561.04,3215644.0,1576.4,1554.7710000000002,0,56.0,89366.57865216733,1588.258652167322,-0.023335919416860973,0.10633421347832671
2024-01-03,1563.84,1575.83,1576.96,1559.39,2022929.0,1580.866,1554.98,0,56.0,89834.73865216732,1588.258652167322,0.00523864745703384,0.10165261347832683
2024-01-04,1574.9,1552.57,1574.9,1546.93,2155107.0,1581.2259999999999,1554.302,0,56.0,88532.17865216732,1588.258652167322,-0.014499513434812816,0.1146782134783268
2024-01-05,1545.44,1547.33,1561.56,1536.86,2024286.0,1569.7599999999998,1553.5,0,56.0,88238.73865216732,1588.258652167322,-0.003314501060150077,0.11761261347832683
2024-01-08,1545.13,1529.31,1546.06,1525.6,2558620.0,1554.502,1551.5704999999998,0,56.0,87229.61865216732,1588.258652167322,-0.011436246884465318,0.12770381347832677
2024-01-09,1526.53,1526.53,1537.06,1521.01,2441204.0,1546.3139999999999,1549.8205,-1,0.0,87039.74694473774,87039.74694473774,-0.002176688495987955,0.12960253055262264
2024-01-10,1526.62,1526.99,1543.7,1523.73,1735067.0,1536.5459999999998,1547.542,0,0.0,87039.74694473774,87039.74694473774,0.0,0.12960253055262264
2024-01-11,1525.69,1531.71,1542.28,1523.79,1644055.0,1532.374,1547.7980000000002,0,0.0,87039.74694473774,87039.74694473774,0.0,0.12960253055262264
2024-01-12,1525.57,1528.44,1536.07,1525.04,1160324.0,1528.596,1548.999,0,0.0,87039.74694473774,87039.74694473774,0.0,0.12960253055262264
2024-01-15,1520.94,1525.6,1539.52,1520.43,1785403.0,1527.8539999999998,1549.6394999999998,0,0.0,87039.74694473774,87039.74694473774,0.0,0.12960253055262264
2024-01-16,1524.2,1525.07,1532.11,1511.59,2590314.0,1527.562,1549.4714999999999,0,0.0,87039.74694473774,87039.74694473774,0.0,0.12960253055262264
2024-01-17,1516.29,1466.99,1521.39,1466.99,5163276.0,1515.5620000000001,1545.8020000000001,0,0.0,87039.74694473774,87039.74694473774,0.0,0.12960253055262264
2024-01-18,1464.2,1498.5,1500.29,1447.04,6043981.0,1508.92,1543.992,0,0.0,87039.74694473774,87039.74694473774,0.0,0.12960253055262264
2024-01-19,1496.64,1520.94,1523.74,1489.2,4637843.0,1507.4199999999998,1542.364,0,0.0,87039.74694473774,87039.74694473774,0.0,0.12960253055262264
2024-01-22,1515.36,1527.46,1528.39,1505.95,4694589.0,1507.792,1541.0315,0,0.0,87039.74694473774,87039.74694473774,0.0,0.12960253055262264
2024-01-23,1518.16,1506.06,1525.55,1496.76,3483490.0,1503.99,1538.5665,0,0.0,87039.74694473774,87039.74694473774,0.0,0.12960253055262264
2024-01-24,1515.36,1512.57,1519.86,1491.7,3321635.0,1513.106,1536.52,0,0.0,87039.74694473774,87039.74694473774,0.0,0.12960253055262264
2024-01-25,1513.33,1523.73,1526.53,1508.85,3120580.0,1518.152,1535.168,0,0.0,87039.74694473774,87039.74694473774,0.0,0.12960253055262264
2024-01-26,1516.63,1523.1,1529.41,1509.78,2695475.0,1518.584,1531.09,0,0.0,87039.74694473774,87039.74694473774,0.0,0.12960253055262264
2024-01-29,1525.87,1534.9,1544.74,1525.87,3142068.0,1520.0720000000001,1527.5549999999998,0,0.0,87039.74694473774,87039.74694473774,0.0,0.12960253055262264
2024-01-30,1534.88,1500.48,1534.88,1497.69,3086633.0,1518.956,1524.2055,0,0.0,87039.74694473774,87039.74694473774,0.0,0.12960253055262264
2024-01-31,1500.48,1492.95,1506.96,1486.65,2964912.0,1515.032,1520.0615,0,0.0,87039.74694473774,87039.74694473774,0.0,0.12960253055262264
2024-02-01,1493.5,1497.72,1510.61,1489.32,2648515.0,1509.8300000000002,1517.319,0,0.0,87039.74694473774,87039.74694473774,0.0,0.12960253055262264
2024-02-02,1502.34,1484.66,1514.23,1470.71,3938202.0,1502.142,1514.1855,0,0.0,87039.74694473774,87039.74694473774,0.0,0.12960253055262264
2024-02-05,1484.66,1516.3,1523.21,1483.97,5313036.0,1498.422,1513.535,0,0.0,87039.74694473774,87039.74694473774,0.0,0.12960253055262264
2024-02-06,1516.3,1559.08,1567.9,1512.66,5247204.0,1510.142,1515.1625,0,0.0,87039.74694473774,87039.74694473774,0.0,0.12960253055262264
2024-02-07,1563.76,1591.63,1594.98,1545.7,5260107.0,1529.8780000000002,1518.3944999999999,1,54.0,87005.36515829714,1057.345158297132,-0.0003950124816244349,0.12994634841702865
2024-02-08,1600.02,1586.99,1604.67,1567.46,4675654.0,1547.732,1521.1585,0,54.0,86754.80515829714,1057.345158297132,-0.0028798224057117183,0.13245194841702862
2024-02-19,1616.64,1577.16,1616.69,1570.25,3697744.0,1566.232,1523.5945,0,54.0,86223.98515829713,1057.345158297132,-0.006118623620114727,0.1377601484170287
2024-02-20,1578.95,1553.5,1578.95,1541.0,3447007.0,1573.672,1524.9895000000001,0,54.0,84946.34515829713,1057.345158297132,-0.014817686722022883,0.15053654841702868
2024-02-21,1549.8,1597.84,1610.25,1546.06,4615407.0,1581.424,1528.6280000000002,0,54.0,87340.70515829713,1057.345158297132,0.028186733585042756,0.12659294841702867
2024-02-22,1588.39,1598.51,1602.81,1581.9,2279361.0,1582.8,1535.2040000000002,0,54.0,87376.88515829713,1057.345158297132,0.0004142398430881933,0.12623114841702873
2024-02-23,1591.74,1594.52,1604.09,1581.43,2730589.0,1584.306,1540.0049999999999,0,54.0,87161.42515829713,1057.345158297132,-0.0024658695444412793,0.12838574841702866
2024-02-26,1588.85,1576.74,1589.54,1567.47,2731832.0,1584.2220000000002,1542.795,0,54.0,86201.30515829714,1057.345158297132,-0.011015423374001632,0.1379869484170286
2024-02-27,1565.6,1571.64,1574.82,1560.94,2207985.0,1587.85,1545.004,0,54.0,85925.90515829714,1057.345158297132,-0.0031948472183136456,0.14074094841702856
2024-02-28,1571.1,1564.25,1578.22,1557.23,3186731.0,1581.132,1547.9135,0,54.0,85526.84515829713,1057.345158297132,-0.004644233881096027,0.14473154841702868
2024-02-29,1564.25,1576.76,1578.15,1562.06,2475833.0,1576.782,1551.123,0,54.0,86202.38515829713,1057.345158297132,0.007898572649905011,0.13797614841702874
2024-03-01,1572.11,1567.51,1576.73,1559.72,2686796.0,1571.3799999999999,1553.3120000000001,0,54.0,85702.88515829713,1057.345158297132,-0.005794503238892412,0.14297114841702874
2024-03-04,1561.87,1559.36,1563.73,1553.55,2648477.0,1567.904,1555.125,0,54.0,85262.78515829712,1057.345158297132,-0.005135183012650257,0.1473721484170288
2024-03-05,1554.26,1576.85,1578.62,1550.41,3623837.0,1568.946,1557.2225,0,54.0,86207.24515829713,1057.345158297132,0.01107704842442736,0.13792754841702873
2024-03-06,1573.04,1563.32,1576.76,1560.96,2214248.0,1568.7599999999998,1560.3645000000001,0,54.0,85476.62515829713,1057.345158297132,-0.008475157727849902,0.14523374841702869
2024-03-07,1562.8,1566.18,1571.92,1560.94,2159912.0,1566.644,1564.026,0,54.0,85631.06515829713,1057.345158297132,0.0018068097531225291,0.14368934841702866
2024-03-08,1563.33,1554.83,1569.02,1553.55,2215623.0,1564.108,1566.8815,-1,0.0,84984.58334912173,84984.58334912173,-0.007549617746553938,0.15015416650878266
2024-03-11,1558.15,1576.28,1580.37,1556.46,2989509.0,1567.492,1571.4625,0,0.0,84984.58334912173,84984.58334912173,0.0,0.15015416650878266
2024-03-12,1575.77,1623.27,1627.08,1572.57,5422654.0,1576.7759999999998,1576.8110000000001,0,0.0,84984.58334912173,84984.58334912173,0.0,0.15015416650878266
2024-03-13,1618.59,1606.94,1626.06,1600.11,2649954.0,1585.5,1579.204,1,52.0,84951.15649029534,1390.276490295335,-0.0003933285015833565,0.1504884350970466
2024-03-14,1599.08,1596.88,1613.82,1592.11,1940479.0,1591.6399999999999,1579.4665,0,52.0,84428.03649029534,1390.276490295335,-0.006157891447419628,0.15571963509704656
2024-03-15,1593.04,1597.68,1611.55,1592.57,1783358.0,1600.21,1580.001,0,52.0,84469.63649029534,1390.276490295335,0.0004927273181909442,0.15530363509704664
2024-03-18,1595.36,1589.09,1599.87,1580.48,2605501.0,1602.7720000000002,1580.5975,0,52.0,84022.95649029533,1390.276490295335,-0.005288054010405552,0.15977043509704672
2024-03-19,1584.2,1588.87,1599.96,1575.0,2394753.0,1595.8919999999998,1582.366,0,52.0,84011.51649029533,1390.276490295335,-0.0001361532666530607,0.15988483509704673
2024-03-20,1584.54,1590.34,1594.14,1581.62,1524925.0,1592.572,1581.991,0,52.0,84087.95649029533,1390.276490295335,0.000909875255124426,0.1591204350970467
2024-03-21,1588.94,1589.78,1599.08,1585.6,1659597.0,1591.152,1581.5544999999997,0,52.0,84058.83649029533,1390.276490295335,-0.0003463040513221882,0.15941163509704667
2024-03-22,1586.09,1582.67,1589.77,1570.25,2545614.0,1588.15,1580.962,0,52.0,83689.11649029533,1390.276490295335,-0.00439834781727777,0.16310883509704668
2024-03-25,1580.05,1571.19,1580.27,1563.34,2447285.0,1584.57,1580.6844999999998,0,52.0,83092.15649029534,1390.276490295335,-0.007133066102677943,0.1690784350970466
2024-03-26,1569.74,1590.05,1593.32,1569.74,2806907.0,1584.806,1581.605,0,52.0,84072.87649029533,1390.276490295335,0.011802798740871978,0.15927123509704674
2024-03-27,1586.06,1582.34,1592.57,1580.48,1811258.0,1583.2060000000001,1582.5095,0,52.0,83671.95649029533,1390.276490295335,-0.00476871990987815,0.16328043509704673
2024-03-28,1576.76,1582.94,1598.15,1575.08,2464218.0,1581.838,1582.8184999999999,-1,0.0,83670.23380768174,83670.23380768174,-2.058853032538277e-05,0.1632976619231826
2024-03-29,1582.94,1584.11,1591.63,1579.64,1345655.0,1582.126,1583.6485,0,0.0,83670.23380768174,83670.23380768174,0.0,0.1632976619231826
2024-04-01,1590.7,1601.25,1613.04,1589.5,2713137.0,1588.138,1585.743,1,52.0,83636.92530973174,371.92530973174144,-0.0003980925645141742,0.1636307469026826
2024-04-02,1601.88,1594.42,1604.66,1586.11,2544925.0,1589.012,1586.6215,0,52.0,83281.76530973174,371.92530973174144,-0.0042464497431575765,0.16718234690268263
2024-04-03,1613.04,1595.47,1618.1,1590.73,2904580.0,1591.638,1588.229,0,52.0,83336.36530973174,371.92530973174144,0.0006556056994821979,0.16663634690268256
2024-04-08,1576.76,1550.4,1577.69,1546.62,5916659.0,1585.1299999999999,1587.44,-1,0.0,80960.47940835576,80960.47940835576,-0.02850959353153515,0.19039520591644235
2024-04-09,1544.82,1546.27,1556.29,1542.76,2558982.0,1577.5620000000001,1587.012,0,0.0,80960.47940835576,80960.47940835576,0.0,0.19039520591644235
2024-04-10,1546.31,1533.02,1548.84,1530.25,2763050.0,1563.916,1584.849,0,0.0,80960.47940835576,80960.47940835576,0.0,0.19039520591644235
2024-04-11,1525.7,1533.04,1534.9,1520.66,2276624.0,1551.64,1580.3375,0,0.0,80960.47940835576,80960.47940835576,0.0,0.19039520591644235
2024-04-12,1535.83,1520.04,1547.92,1520.04,2674433.0,1536.554,1575.9925,0,0.0,80960.47940835576,80960.47940835576,0.0,0.19039520591644235
2024-04-15,1520.95,1556.27,1558.72,1520.93,3581771.0,1537.728,1573.962,0,0.0,80960.47940835576,80960.47940835576,0.0,0.19039520591644235
2024-04-16,1549.31,1553.5,1562.4,1543.27,2626623.0,1539.174,1571.753,0,0.0,80960.47940835576,80960.47940835576,0.0,0.19039520591644235
2024-04-17,1551.64,1550.71,1558.34,1542.34,2481911.0,1542.712,1569.834,0,0.0,80960.47940835576,80960.47940835576,0.0,0.19039520591644235
2024-04-18,1543.28,1554.23,1565.58,1542.51,2656841.0,1546.95,1568.102,0,0.0,80960.47940835576,80960.47940835576,0.0,0.19039520591644235
2024-04-19,1544.93,1531.77,1552.11,1526.79,2349992.0,1549.2959999999998,1565.1735,0,0.0,80960.47940835576,80960.47940835576,0.0,0.19039520591644235
2024-04-22,1538.62,1558.21,1561.76,1530.25,2995139.0,1549.684,1563.595,0,0.0,80960.47940835576,80960.47940835576,0.0,0.19039520591644235
2024-04-23,1558.15,1574.23,1576.76,1558.15,2497995.0,1553.83,1563.173,0,0.0,80960.47940835576,80960.47940835576,0.0,0.19039520591644235
2024-04-24,1578.6,1575.46,1581.33,1565.9,1708643.0,1558.78,1563.3865,0,0.0,80960.47940835576,80960.47940835576,0.0,0.19039520591644235
2024-04-25,1572.41,1574.94,1577.32,1564.9,1447648.0,1562.922,1562.631,1,51.0,80928.34822269756,606.4082226975588,-0.00039687494309581517,0.1907165177730244
2024-04-26,1575.83,1590.18,1594.43,1575.81,3099592.0,1574.604,1563.0230000000001,0,51.0,81705.58822269757,606.4082226975588,0.009604051201702601,0.18294411777302433
2024-04-29,1578.57,1585.13,1607.46,1575.66,4133223.0,1579.988,1563.1325,0,51.0,81448.03822269756,606.4082226975588,-0.003152171174608309,0.18551961777302436
2024-04-30,1586.07,1586.06,1609.21,1586.06,3075989.0,1582.354,1563.23,0,51.0,81495.46822269756,606.4082226975588,0.0005823344679010134,0.18504531777302444
2024-05-06,1613.01,1637.41,1641.88,1606.53,5990949.0,1594.744,1565.038,0,51.0,84114.31822269756,606.4082226975588,0.03213491568443594,0.15885681777302438
2024-05-07,1642.61,1646.53,1653.78,1634.14,2492452.0,1609.0620000000001,1567.6435,0,51.0,84579.43822269756,606.4082226975588,0.005529617428135847,0.1542056177730244
2024-05-08,1646.24,1640.92,1646.5,1633.2,1476909.0,1619.21,1569.916,0,51.0,84293.32822269756,606.4082226975588,-0.0033827370577548255,0.15706671777302442
2024-05-09,1635.36,1633.5,1641.86,1627.92,2238734.0,1628.884,1574.0710000000001,0,51.0,83914.90822269756,606.4082226975588,-0.004489323271234857,0.1608509177730244
2024-05-10,1638.25,1617.67,1644.55,1613.03,2620661.0,1635.2060000000001,1577.641,0,51.0,83107.57822269756,606.4082226975588,-0.009620817290980854,0.16892421777302444
2024-05-13,1611.2,1586.99,1611.79,1582.54,3766212.0,1625.122,1580.3395,0,51.0,81542.89822269756,606.4082226975588,-0.01882716394174344,0.18457101777302437
2024-05-14,1586.98,1583.25,1593.75,1581.42,2127417.0,1612.466,1582.85,0,51.0,81352.15822269756,606.4082226975588,-0.0023391368734415607,0.1864784177730244
2024-05-15,1583.81,1581.41,1588.85,1580.1,1573876.0,1600.5639999999999,1585.9185,0,51.0,81258.31822269756,606.4082226975588,-0.0011535035093120927,0.18741681777302438
2024-05-16,1586.06,1585.6,1590.6,1572.11,2967954.0,1590.984,1587.3849999999998,0,51.0,81472.00822269755,606.4082226975588,0.002629761539173714,0.1852799177730245
2024-05-17,1581.42,1595.36,1596.83,1581.41,2892388.0,1586.522,1589.4779999999998,-1,0.0,81937.22531959836,81937.22531959836,0.005710146430037311,0.18062774680401636
2024-05-20,1598.14,1589.78,1612.1,1588.95,3142572.0,1587.08,1591.4315000000001,0,0.0,81937.22531959836,81937.22531959836,0.0,0.18062774680401636
2024-05-21,1588.85,1586.06,1590.46,1579.7,1629339.0,1587.642,1593.023,0,0.0,81937.22531959836,81937.22531959836,0.0,0.18062774680401636
2024-05-22,1584.2,1579.28,1590.67,1573.04,2028568.0,1587.216,1595.3985,0,0.0,81937.22531959836,81937.22531959836,0.0,0.18062774680401636
2024-05-23,1581.41,1573.98,1587.34,1572.18,1888497.0,1584.8919999999998,1596.1870000000001,0,0.0,81937.22531959836,81937.22531959836,0.0,0.18062774680401636
2024-05-24,1574.9,1560.09,1576.76,1560.01,2021663.0,1577.838,1595.48,0,0.0,81937.22531959836,81937.22531959836,0.0,0.18062774680401636
2024-05-27,1560.94,1553.61,1569.74,1551.65,2509791.0,1570.604,1594.3875,0,0.0,81937.22531959836,81937.22531959836,0.0,0.18062774680401636
2024-05-28,1553.87,1548.52,1558.31,1546.99,2352087.0,1563.096,1593.0665,0,0.0,81937.22531959836,81937.22531959836,0.0,0.18062774680401636
2024-05-29,1549.78,1557.22,1562.8,1548.85,1965128.0,1558.684,1591.4185,0,0.0,81937.22531959836,81937.22531959836,0.0,0.18062774680401636
2024-05-30,1558.15,1533.97,1558.51,1533.97,3220792.0,1550.682,1588.8605000000002,0,0.0,81937.22531959836,81937.22531959836,0.0,0.18062774680401636
2024-05-31,1535.36,1533.46,1547.46,1533.46,2185665.0,1545.3560000000002,1586.2305000000001,0,0.0,81937.22531959836,81937.22531959836,0.0,0.18062774680401636
2024-06-03,1534.9,1525.03,1535.75,1521.05,3026105.0,1539.6399999999999,1580.6115,0,0.0,81937.22531959836,81937.22531959836,0.0,0.18062774680401636
2024-06-04,1526.06,1537.87,1540.48,1522.39,2084108.0,1537.51,1575.1785,0,0.0,81937.22531959836,81937.22531959836,0.0,0.18062774680401636
2024-06-05,1536.76,1529.32,1542.97,1528.41,1905557.0,1531.9299999999998,1569.5985,0,0.0,81937.22531959836,81937.22531959836,0.0,0.18062774680401636
2024-06-06,1529.0,1525.42,1536.75,1521.79,2561005.0,1530.22,1564.1945,0,0.0,81937.22531959836,81937.22531959836,0.0,0.18062774680401636
2024-06-07,1531.3,1506.23,1531.34,1506.07,3352455.0,1524.774,1558.6225,0,0.0,81937.22531959836,81937.22531959836,0.0,0.18062774680401636
2024-06-11,1491.17,1459.55,1493.04,1457.69,7024676.0,1511.6779999999999,1552.2504999999999,0,0.0,81937.22531959836,81937.22531959836,0.0,0.18062774680401636
2024-06-12,1460.48,1462.04,1479.08,1460.48,3317050.0,1496.512,1546.19,0,0.0,81937.22531959836,81937.22531959836,0.0,0.18062774680401636
2024-06-13,1466.78,1446.53,1466.89,1444.8,3618597.0,1479.9540000000002,1539.446,0,0.0,81937.22531959836,81937.22531959836,0.0,0.18062774680401636
2024-06-14,1446.52,1446.52,1454.86,1414.39,5951416.0,1464.174,1532.492,0,0.0,81937.22531959836,81937.22531959836,0.0,0.18062774680401636
2024-06-17,1425.4,1433.97,1440.73,1405.6,4831816.0,1449.722,1524.4225000000001,0,0.0,81937.22531959836,81937.22531959836,0.0,0.18062774680401636
2024-06-18,1424.1,1415.36,1446.1,1410.88,4125825.0,1440.884,1515.7015,0,0.0,81937.22531959836,81937.22531959836,0.0,0.18062774680401636
2024-06-19,1422.36,1425.21,1428.06,1407.27,4126153.0,1433.518,1507.659,0,0.0,81937.22531959836,81937.22531959836,0.0,0.18062774680401636
2024-06-20,1424.26,1424.36,1439.47,1422.37,2471068.0,1429.0839999999998,1499.913,0,0.0,81937.22531959836,81937.22531959836,0.0,0.18062774680401636
2024-06-21,1424.74,1396.73,1428.99,1395.99,4331997.0,1419.126,1491.0504999999998,0,0.0,81937.22531959836,81937.22531959836,0.0,0.18062774680401636
2024-06-24,1351.15,1402.0,1413.81,1342.62,6383993.0,1412.732,1483.146,0,0.0,81937.22531959836,81937.22531959836,0.0,0.18062774680401636
2024-06-25,1402.43,1411.59,1427.1,1402.43,4209795.0,1411.9779999999998,1476.045,0,0.0,81937.22531959836,81937.22531959836,0.0,0.18062774680401636
2024-06-26,1405.27,1414.03,1425.28,1403.19,2956977.0,1409.742,1469.3205,0,0.0,81937.22531959836,81937.22531959836,0.0,0.18062774680401636
2024-06-27,1416.67,1415.23,1418.54,1393.88,3282178.0,1407.916,1462.221,0,0.0,81937.22531959836,81937.22531959836,0.0,0.18062774680401636
2024-06-28,1405.27,1393.3,1419.03,1390.08,3858202.0,1407.23,1455.1875,0,0.0,81937.22531959836,81937.22531959836,0.0,0.18062774680401636
2024-07-01,1394.72,1367.65,1398.62,1355.9,3216138.0,1400.36,1446.897,0,0.0,81937.22531959836,81937.22531959836,0.0,0.18062774680401636
2024-07-02,1360.65,1415.43,1422.37,1360.65,5185298.0,1401.128,1441.417,0,0.0,81937.22531959836,81937.22531959836,0.0,0.18062774680401636
2024-07-03,1423.31,1424.26,1436.62,1412.89,3157326.0,1403.174,1435.7365000000002,0,0.0,81937.22531959836,81937.22531959836,0.0,0.18062774680401636
2024-07-04,1429.01,1410.72,1435.66,1406.35,2437973.0,1402.2720000000002,1429.8065000000001,0,0.0,81937.22531959836,81937.22531959836,0.0,0.18062774680401636
2024-07-05,1404.32,1379.64,1417.79,1376.79,3882938.0,1399.5400000000002,1422.5175,0,0.0,81937.22531959836,81937.22531959836,0.0,0.18062774680401636
2024-07-08,1370.14,1348.3,1384.17,1347.49,3952705.0,1395.67,1414.621,0,0.0,81937.22531959836,81937.22531959836,0.0,0.18062774680401636
2024-07-09,1348.3,1365.42,1381.43,1338.9,3362071.0,1385.6680000000001,1409.9145,0,0.0,81937.22531959836,81937.22531959836,0.0,0.18062774680401636
2024-07-10,1366.58,1365.01,1391.87,1362.55,2376322.0,1373.818,1405.063,0,0.0,81937.22531959836,81937.22531959836,0.0,0.18062774680401636
2024-07-11,1376.76,1388.27,1394.83,1367.49,2902014.0,1369.328,1402.15,0,0.0,81937.22531959836,81937.22531959836,0.0,0.18062774680401636
2024-07-12,1398.64,1404.15,1411.35,1391.46,2338634.0,1374.23,1400.0315,0,0.0,81937.22531959836,81937.22531959836,0.0,0.18062774680401636
2024-07-15,1395.78,1400.43,1412.87,1395.78,1917626.0,1384.6560000000002,1398.3545,0,0.0,81937.22531959836,81937.22531959836,0.0,0.18062774680401636
2024-07-16,1401.48,1401.48,1407.17,1391.08,2031644.0,1391.868,1397.6605,0,0.0,81937.22531959836,81937.22531959836,0.0,0.18062774680401636
2024-07-17,1401.57,1425.59,1427.11,1395.8,3431101.0,1403.984,1397.6795,1,57.0,81904.71942983948,646.0894298394851,-0.00039671699440757546,0.18095280570160524
2024-07-18,1423.79,1421.9,1438.51,1417.17,2887039.0,1410.7099999999998,1397.5565000000001,0,57.0,81694.38942983949,646.0894298394851,-0.0025679838898680085,0.18305610570160513
2024-07-19,1415.54,1448.59,1451.97,1409.08,3894291.0,1419.598,1400.1495,0,57.0,83215.71942983948,646.0894298394851,0.018622209072344242,0.16784280570160526
2024-07-22,1448.03,1423.31,1452.73,1416.34,2854321.0,1424.174,1401.215,0,57.0,81774.75942983948,646.0894298394851,-0.017315959170609463,0.18225240570160517
2024-07-23,1423.31,1381.54,1425.21,1381.54,3094396.0,1420.1860000000001,1399.7125,0,57.0,79393.86942983948,646.0894298394851,-0.02911521863959432,0.20606130570160516
2024-07-24,1376.98,1367.31,1389.8,1362.55,2412255.0,1408.53,1397.3765,0,57.0,78582.75942983948,646.0894298394851,-0.010216279995230337,0.21417240570160517
2024-07-25,1367.31,1358.26,1374.89,1348.31,2834656.0,1395.8020000000001,1394.528,0,57.0,78066.90942983948,646.0894298394851,-0.006564416975718079,0.2193309057016052
2024-07-26,1358.26,1350.38,1365.13,1339.66,3235379.0,1376.16,1392.382,-1,0.0,77586.9630749893,77586.9630749893,-0.006147884658883829,0.22413036925010704
2024-07-29,1343.56,1327.43,1350.19,1327.41,3086907.0,1356.984,1390.371,0,0.0,77586.9630749893,77586.9630749893,0.0,0.22413036925010704
2024-07-30,1316.0,1310.31,1320.07,1292.57,5177904.0,1342.7379999999998,1385.115,0,0.0,77586.9630749893,77586.9630749893,0.0,0.22413036925010704
2024-07-31,1303.77,1349.52,1355.21,1303.77,4327232.0,1339.18,1381.3780000000002,0,0.0,77586.9630749893,77586.9630749893,0.0,0.22413036925010704
2024-08-01,1346.4,1316.17,1348.3,1314.79,3203810.0,1330.7620000000002,1376.6505000000002,0,0.0,77586.9630749893,77586.9630749893,0.0,0.22413036925010704
2024-08-02,1304.25,1315.5,1326.44,1304.25,2192769.0,1323.786,1373.4435,0,0.0,77586.9630749893,77586.9630749893,0.0,0.22413036925010704
2024-08-05,1318.75,1338.82,1354.0,1315.56,3773607.0,1326.0639999999999,1372.9695,0,0.0,77586.9630749893,77586.9630749893,0.0,0.22413036925010704
2024-08-06,1350.2,1333.78,1352.1,1323.63,2744433.0,1330.758,1371.3875,0,0.0,77586.9630749893,77586.9630749893,0.0,0.22413036925010704
2024-08-07,1334.54,1344.03,1350.19,1327.7,2062221.0,1329.6599999999999,1370.3384999999998,0,0.0,77586.9630749893,77586.9630749893,0.0,0.22413036925010704
2024-08-08,1339.76,1358.45,1375.06,1337.86,2513082.0,1338.116,1368.8475,0,0.0,77586.9630749893,77586.9630749893,0.0,0.22413036925010704
2024-08-09,1386.31,1364.26,1394.83,1364.26,3013849.0,1347.868,1366.853,0,0.0,77586.9630749893,77586.9630749893,0.0,0.22413036925010704
2024-08-12,1357.8,1363.59,1370.14,1354.55,1363203.0,1352.822,1365.011,0,0.0,77586.9630749893,77586.9630749893,0.0,0.22413036925010704
2024-08-13,1360.65,1351.16,1362.55,1340.72,1630843.0,1356.298,1362.4950000000001,0,0.0,77586.9630749893,77586.9630749893,0.0,0.22413036925010704
2024-08-14,1351.16,1341.94,1352.96,1340.73,1341431.0,1355.8799999999999,1358.3125,0,0.0,77586.9630749893,77586.9630749893,0.0,0.22413036925010704
2024-08-15,1334.09,1354.85,1363.49,1333.06,2303897.0,1355.1599999999999,1354.9599999999998,1,57.0,77556.07017819579,329.6201781957934,-0.0003981712335311416,0.2244392982180421
2024-08-16,1354.75,1358.94,1363.42,1345.46,1645470.0,1354.096,1350.4775,0,57.0,77789.2001781958,329.6201781957934,0.0030059542659182092,0.22210799821804206
2024-08-19,1359.7,1353.47,1385.22,1353.05,2043279.0,1352.0720000000001,1346.9855,0,57.0,77477.4101781958,329.6201781957934,-0.004008139938265987,0.22522589821804198
2024-08-20,1357.7,1350.89,1357.73,1342.61,1859138.0,1352.018,1345.453,0,57.0,77330.3501781958,329.6201781957934,-0.0018981016487484847,0.22669649821804197
2024-08-21,1348.3,1346.01,1355.88,1344.21,1509165.0,1352.8319999999999,1344.388,0,57.0,77052.19017819579,329.6201781957934,-0.003597035308375629,0.22947809821804213
2024-08-22,1344.51,1338.86,1348.3,1329.32,1952729.0,1349.634,1343.4180000000001,0,57.0,76644.64017819578,329.6201781957934,-0.005289272103200182,0.23355359821804217
2024-08-23,1336.91,1343.55,1351.63,1335.12,1532046.0,1346.556,1343.0765,0,57.0,76911.97017819578,329.6201781957934,0.003487915128552732,0.23088029821804215
2024-08-26,1345.45,1340.71,1351.97,1332.3,1562841.0,1344.004,1343.7404999999999,0,57.0,76750.0901781958,329.6201781957934,-0.0021047438990957623,0.23249909821804204
2024-08-27,1340.71,1333.18,1341.66,1330.37,1365740.0,1340.462,1344.884,-1,0.0,76290.4859539336,76290.4859539336,-0.005988321618842329,0.23709514046066396
2024-08-28,1333.18,1318.87,1335.01,1305.58,3166351.0,1335.034,1343.3515,0,0.0,76290.4859539336,76290.4859539336,0.0,0.23709514046066396
2024-08-29,1310.32,1341.94,1346.4,1310.32,2747161.0,1335.65,1344.6399999999999,0,0.0,76290.4859539336,76290.4859539336,0.0,0.23709514046066396
2024-08-30,1341.66,1370.32,1384.45,1334.06,3873923.0,1341.0040000000001,1347.3809999999999,0,0.0,76290.4859539336,76290.4859539336,0.0,0.23709514046066396
2024-09-02,1357.8,1324.57,1365.39,1324.57,3413459.0,1337.776,1346.6685,0,0.0,76290.4859539336,76290.4859539336,0.0,0.23709514046066396
2024-09-03,1327.41,1338.81,1343.54,1322.69,1788760.0,1338.902,1346.92,0,0.0,76290.4859539336,76290.4859539336,0.0,0.23709514046066396
2024-09-04,1331.21,1329.31,1347.53,1329.07,1421109.0,1340.99,1346.184,0,0.0,76290.4859539336,76290.4859539336,0.0,0.23709514046066396
2024-09-05,1329.79,1333.95,1335.96,1326.46,1450295.0,1339.392,1344.959,0,0.0,76290.4859539336,76290.4859539336,0.0,0.23709514046066396
2024-09-06,1334.06,1327.41,1335.01,1327.41,1032104.0,1330.81,1343.1164999999999,0,0.0,76290.4859539336,76290.4859539336,0.0,0.23709514046066396
2024-09-09,1310.33,1305.58,1323.34,1300.9,2863755.0,1327.012,1340.216,0,0.0,76290.4859539336,76290.4859539336,0.0,0.23709514046066396
2024-09-10,1300.85,1308.42,1322.67,1300.85,1980284.0,1320.934,1338.079,0,0.0,76290.4859539336,76290.4859539336,0.0,0.23709514046066396
2024-09-11,1306.15,1310.32,1315.91,1296.08,2099577.0,1317.136,1336.498,0,0.0,76290.4859539336,76290.4859539336,0.0,0.23709514046066396
2024-09-12,1310.32,1267.65,1315.07,1267.51,4794831.0,1303.876,1332.1380000000001,0,0.0,76290.4859539336,76290.4859539336,0.0,0.23709514046066396
2024-09-13,1263.8,1238.28,1264.75,1231.8,5600511.0,1286.05,1326.105,0,0.0,76290.4859539336,76290.4859539336,0.0,0.23709514046066396
2024-09-18,1234.36,1202.93,1234.37,1202.71,4618531.0,1265.52,1318.578,0,0.0,76290.4859539336,76290.4859539336,0.0,0.23709514046066396
2024-09-19,1198.28,1197.33,1227.6,1182.93,5998821.0,1243.3020000000001,1310.9,0,0.0,76290.4859539336,76290.4859539336,0.0,0.23709514046066396
2024-09-20,1197.81,1200.1,1209.58,1186.92,3998184.0,1221.258,1303.6045,0,0.0,76290.4859539336,76290.4859539336,0.0,0.23709514046066396
2024-09-23,1203.98,1197.84,1228.19,1197.01,4554969.0,1207.2959999999998,1296.5535,0,0.0,76290.4859539336,76290.4859539336,0.0,0.23709514046066396
2024-09-24,1220.21,1303.3,1303.68,1201.22,10041281.0,1220.2999999999997,1294.541,0,0.0,76290.4859539336,76290.4859539336,0.0,0.23709514046066396
2024-09-25,1329.36,1328.36,1354.95,1326.19,7395380.0,1245.386,1293.9235,0,0.0,76290.4859539336,76290.4859539336,0.0,0.23709514046066396
2024-09-26,1329.28,1451.8,1452.63,1325.52,9727806.0,1296.28,1299.8545,0,0.0,76290.4859539336,76290.4859539336,0.0,0.23709514046066396
2024-09-27,1519.22,1546.94,1546.94,1486.32,8792167.0,1365.648,1311.258,1,49.0,76260.1636559318,460.10365593180177,-0.00039745844613070513,0.237398363440682
2024-09-30,1606.57,1659.74,1671.02,1568.59,15729341.0,1458.0279999999998,1327.148,0,49.0,81787.3636559318,460.10365593180177,0.07247820795320403,0.18212636344068203
2024-10-08,1813.56,1636.0,1813.56,1595.35,19470947.0,1524.568,1340.432,0,49.0,80624.1036559318,460.10365593180177,-0.014222979541114289,0.19375896344068197
2024-10-09,1614.17,1514.61,1614.17,1509.72,12019684.0,1561.8179999999998,1349.934,0,49.0,74675.9936559318,460.10365593180177,-0.07377582795070714,0.253240063440682
2024-10-10,1540.35,1557.2,1583.86,1510.67,7460342.0,1582.898,1360.8535,0,49.0,76762.9036559318,460.10365593180177,0.02794619659987929,0.23237096344068195
2024-10-11,1533.84,1523.95,1557.16,1509.72,4191471.0,1578.3,1370.5855,0,49.0,75133.6536559318,460.10365593180177,-0.02122444465236306,0.24866346344068196
2024-10-14,1531.56,1521.1,1538.8,1501.34,4481202.0,1550.572,1379.943,0,49.0,74994.0036559318,460.10365593180177,-0.0018586877278659042,0.25005996344068204
2024-10-15,1518.27,1475.78,1520.16,1474.6,4357143.0,1518.5279999999998,1387.3615,0,49.0,72773.3236559318,460.10365593180177,-0.029611434137965853,0.27226676344068196
2024-10-16,1463.08,1445.63,1471.55,1433.76,4666440.0,1504.732,1394.364,0,49.0,71295.97365593181,460.10365593180177,-0.020300708086177566,0.2870402634406819
2024-10-17,1459.4,1419.14,1460.02,1418.01,3945955.0,1477.12,1399.9,0,49.0,69997.9636559318,460.10365593180177,-0.01820593693360717,0.300020363440682
2024-10-18,1417.62,1463.19,1488.68,1404.29,6861930.0,1464.968,1407.5435,0,49.0,72156.4136559318,460.10365593180177,0.030835897035657256,0.278435863440682
2024-10-21,1463.39,1451.61,1471.71,1444.4,4200790.0,1451.0700000000002,1416.7414999999999,0,49.0,71588.9936559318,460.10365593180177,-0.007863750029285854,0.284110063440682
2024-10-22,1449.48,1465.09,1481.41,1447.24,3626913.0,1448.932,1428.0819999999999,0,49.0,72249.51365593179,460.10365593180177,0.009226557970273497,0.2775048634406821
2024-10-23,1466.15,1488.36,1497.33,1454.65,4008846.0,1457.478,1442.3535,0,49.0,73389.7436559318,460.10365593180177,0.015781836337750876,0.266102563440682
2024-10-24,1482.18,1473.83,1495.48,1467.0,2392280.0,1468.416,1456.1785,0,49.0,72677.7736559318,460.10365593180177,-0.00970121933301582,0.273222263440682
2024-10-25,1468.89,1480.14,1495.28,1467.95,2774508.0,1471.806,1470.1805,0,49.0,72986.9636559318,460.10365593180177,0.0042542580000284325,0.270130363440682
2024-10-28,1481.23,1485.98,1485.98,1445.37,3912140.0,1478.6799999999998,1484.5875,-1,0.0,73244.00063232241,73244.00063232241,0.003521683373517215,0.2675599936767759
2024-10-29,1481.23,1454.29,1500.23,1452.75,4116578.0,1476.52,1492.1370000000002,0,0.0,73244.00063232241,73244.00063232241,0.0,0.2675599936767759
2024-10-30,1448.0,1454.65,1472.87,1446.49,3200574.0,1469.778,1498.4515,0,0.0,73244.00063232241,73244.00063232241,0.0,0.2675599936767759
2024-10-31,1454.79,1450.65,1462.24,1443.25,2995735.0,1465.142,1498.394,0,0.0,73244.00063232241,73244.00063232241,0.0,0.2675599936767759
2024-11-01,1444.2,1456.31,1467.12,1444.01,3228392.0,1460.376,1493.8625,0,0.0,73244.00063232241,73244.00063232241,0.0,0.2675599936767759
2024-11-04,1466.93,1470.03,1471.74,1450.91,2909292.0,1457.1860000000001,1484.377,0,0.0,73244.00063232241,73244.00063232241,0.0,0.2675599936767759
2024-11-05,1462.24,1497.37,1498.04,1458.46,4564047.0,1465.8020000000001,1477.4455,0,0.0,73244.00063232241,73244.00063232241,0.0,0.2675599936767759
2024-11-06,1495.48,1491.68,1508.76,1482.39,3763143.0,1473.208,1476.299,0,0.0,73244.00063232241,73244.00063232241,0.0,0.2675599936767759
2024-11-07,1483.57,1565.87,1570.01,1483.42,7473872.0,1496.252,1476.7324999999998,1,46.0,73215.1864634218,1185.1664634218178,-0.00039339971399499074,0.26784813536578195
2024-11-08,1577.03,1528.68,1582.94,1520.17,6077120.0,1510.7259999999999,1476.969,0,46.0,71504.44646342182,1185.1664634218178,-0.02336591740915217,0.28495553536578183
2024-11-11,1509.72,1517.33,1528.66,1488.06,4385365.0,1520.1860000000001,1476.7805,0,46.0,70982.34646342181,1185.1664634218178,-0.007301643825284199,0.2901765353657819
2024-11-12,1508.77,1497.57,1541.05,1494.48,4922266.0,1520.226,1477.8700000000001,0,46.0,70073.38646342182,1185.1664634218178,-0.012805437482520943,0.29926613536578184
2024-11-13,1488.83,1498.8,1506.55,1482.45,2912526.0,1521.65,1480.5285,0,46.0,70129.96646342182,1185.1664634218178,0.0008074392127392915,0.2987003353657818
2024-11-14,1490.73,1494.34,1513.95,1486.6,2924814.0,1507.3439999999998,1484.2885,0,46.0,69924.80646342182,1185.1664634218178,-0.002925425611133181,0.3007519353657818
2024-11-15,1489.78,1480.29,1503.83,1474.59,3376112.0,1497.6659999999997,1485.1435000000001,0,46.0,69278.50646342181,1185.1664634218178,-0.009242785682046728,0.30721493536578187
2024-11-18,1483.13,1480.29,1496.42,1476.49,2709219.0,1490.258,1486.5774999999999,0,46.0,69278.50646342181,1185.1664634218178,0.0,0.30721493536578187
2024-11-19,1485.98,1464.07,1490.13,1448.0,3326643.0,1483.5579999999998,1486.5265,-1,0.0,68505.4495958384,68505.4495958384,-0.011158682642668838,0.3149455040416159
2024-11-20,1465.09,1466.81,1475.51,1453.98,2134455.0,1477.16,1485.449,0,0.0,68505.4495958384,68505.4495958384,0.0,0.3149455040416159
2024-11-21,1465.92,1467.12,1470.78,1454.65,1826179.0,1471.716,1485.1135,0,0.0,68505.4495958384,68505.4495958384,0.0,0.3149455040416159
2024-11-22,1463.34,1431.69,1469.62,1431.69,3343611.0,1461.9959999999999,1482.691,0,0.0,68505.4495958384,68505.4495958384,0.0,0.3149455040416159
2024-11-25,1434.71,1422.91,1454.65,1421.1,3318556.0,1450.52,1479.5375,0,0.0,68505.4495958384,68505.4495958384,0.0,0.3149455040416159
2024-11-26,1422.91,1432.81,1442.19,1413.71,2574479.0,1444.268,1478.4634999999998,0,0.0,68505.4495958384,68505.4495958384,0.0,0.3149455040416159
2024-11-27,1432.81,1442.35,1445.3,1429.01,2593417.0,1439.376,1477.8485,0,0.0,68505.4495958384,68505.4495958384,0.0,0.3149455040416159
2024-11-28,1445.15,1441.36,1447.99,1426.16,2395203.0,1434.224,1477.384,0,0.0,68505.4495958384,68505.4495958384,0.0,0.3149455040416159
2024-11-29,1440.41,1448.7,1476.49,1436.81,3608810.0,1437.626,1477.0035,0,0.0,68505.4495958384,68505.4495958384,0.0,0.3149455040416159
2024-12-02,1448.95,1448.0,1452.74,1438.6,2681954.0,1442.6439999999998,1475.9019999999998,0,0.0,68505.4495958384,68505.4495958384,0.0,0.3149455040416159
2024-12-03,1447.05,1449.65,1451.71,1439.53,2480662.0,1446.0120000000002,1473.516,0,0.0,68505.4495958384,68505.4495958384,0.0,0.3149455040416159
2024-12-04,1443.32,1443.25,1446.73,1433.76,2392389.0,1446.192,1471.0945,0,0.0,68505.4495958384,68505.4495958384,0.0,0.3149455040416159
2024-12-05,1434.58,1434.71,1441.22,1433.76,1614147.0,1444.862,1464.5365,0,0.0,68505.4495958384,68505.4495958384,0.0,0.3149455040416159
2024-12-06,1436.61,1444.21,1461.2,1431.93,3203969.0,1443.9640000000002,1460.3129999999999,0,0.0,68505.4495958384,68505.4495958384,0.0,0.3149455040416159
2024-12-09,1445.17,1442.12,1452.48,1436.8,1979986.0,1442.788,1456.5525,0,0.0,68505.4495958384,68505.4495958384,0.0,0.3149455040416159
2024-12-10,1490.73,1468.5,1499.97,1467.16,6031210.0,1446.558,1455.099,0,0.0,68505.4495958384,68505.4495958384,0.0,0.3149455040416159
2024-12-11,1462.24,1458.07,1476.49,1453.68,2967112.0,1449.522,1453.0625,0,0.0,68505.4495958384,68505.4495958384,0.0,0.3149455040416159
2024-12-12,1454.67,1486.74,1486.93,1451.8,4193652.0,1459.9279999999999,1452.6825,1,46.0,68478.0915281372,88.05152813720633,-0.0003993560784231187,0.315219084718628
2024-12-13,1471.75,1442.3,1476.48,1442.19,4951197.0,1459.5459999999998,1450.783,0,46.0,66433.85152813721,88.05152813720633,-0.02985246747363024,0.3356614847186279
2024-12-16,1444.2,1450.09,1451.8,1434.43,3253710.0,1461.1399999999999,1449.273,0,46.0,66792.1915281372,88.05152813720633,0.005393936852332359,0.33207808471862793
2024-12-17,1448.94,1479.34,1489.78,1444.21,5417163.0,1463.3079999999998,1450.0365,0,46.0,68137.6915281372,88.05152813720633,0.02014457033399153,0.31862308471862794
2024-12-18,1479.31,1492.15,1497.38,1468.99,4116226.0,1470.124,1451.3035,0,46.0,68726.95152813722,88.05152813720633,0.00864807695688774,0.31273048471862785
2024-12-19,1486.12,1472.7,1488.76,1472.05,2480932.0,1467.316,1451.5825,0,46.0,67832.2515281372,88.05152813720633,-0.013018182534019651,0.32167748471862795
2024-12-20,1476.56,1467.75,1486.85,1465.84,2815774.0,1472.406,1453.3854999999999,0,46.0,67604.5515281372,88.05152813720633,-0.0033568102911274433,0.3239544847186279
2024-12-23,1468.72,1472.04,1483.18,1462.93,2160269.0,1476.7959999999998,1455.842,0,46.0,67801.8915281372,88.05152813720633,0.0029190342297864547,0.32198108471862796
2024-12-24,1470.65,1483.97,1488.97,1467.36,2210492.0,1477.722,1458.4,0,46.0,68350.6715281372,88.05152813720633,0.008093874486853503,0.316493284718628
2024-12-25,1483.95,1475.47,1483.95,1471.71,1712339.0,1474.386,1460.056,0,46.0,67959.6715281372,88.05152813720633,-0.005720499758938624,0.320403284718628
2024-12-26,1479.33,1473.34,1483.94,1468.72,1828651.0,1474.514,1461.6550000000002,0,46.0,67861.6915281372,88.05152813720633,-0.0014417373980306625,0.3213830847186279
2024-12-27,1474.41,1474.48,1481.25,1465.34,2075932.0,1475.8600000000001,1462.944,0,46.0,67914.13152813721,88.05152813720633,0.0007727482003341279,0.32085868471862794
2024-12-30,1479.3,1470.65,1488.93,1470.65,2512982.0,1475.5819999999999,1464.0765000000001,0,46.0,67737.95152813722,88.05152813720633,-0.002594158182336437,0.32262048471862786
2024-12-31,1471.03,1469.68,1489.93,1467.76,3935445.0,1472.724,1465.078,0,46.0,67693.3315281372,88.05152813720633,-0.0006587149300119055,0.32306668471862793
